Shipment_ID,Origin_Warehouse,Destination,Carrier,Shipment_Date,Delivery_Date,Weight_kg,Cost,Status,Distance_miles,Transit_Days,Cost_pr_Kg,Cost_pr_mile,Anomaly,,
SH10000,Warehouse_MIA,San Francisco,UPS,10/2/2023,10/4/2023,25.7,67.46,Delivered,291,2,2.624902724,0.231821306,OK,,13.72317621
SH10001,Warehouse_MIA,Atlanta,DHL,12/6/2023,12/9/2023,38.9,268.85,Delivered,1225,3,6.911311054,0.219469388,OK,,
SH10002,Warehouse_LA,Houston,DHL,9/18/2023,9/20/2023,37.2,74.35,Delivered,220,2,1.998655914,0.337954545,OK,,
SH10003,Warehouse_BOS,Seattle,OnTrac,1/26/2023,2/4/2023,42.6,187.04,Delivered,1156,9,4.390610329,0.161799308,OK,,
SH10004,Warehouse_SF,Dallas,OnTrac,6/3/2023,6/6/2023,7.9,120.01,Delivered,1017,3,15.19113924,0.118003933,OK,,
SH10005,Warehouse_ATL,New York,FedEx,9/13/2023,9/16/2023,9.1,143.26,Delivered,898,3,15.74285714,0.159532294,OK,,
SH10006,Warehouse_BOS,Houston,UPS,10/19/2023,10/23/2023,0.4,225.23,Delivered,1522,4,563.075,0.147982917,Flag,,
SH10007,Warehouse_CHI,Portland,Amazon Logistics,2/27/2023,3/8/2023,16.7,281.23,Delivered,2013,9,16.84011976,0.139706905,OK,,
SH10008,Warehouse_HOU,Detroit,Amazon Logistics,11/24/2023,12/1/2023,15.1,341.93,Delivered,2072,7,22.64437086,0.165024131,Flag,,
SH10009,Warehouse_SF,Detroit,LaserShip,1/19/2023,1/21/2023,27.7,55.24,Delivered,214,2,1.994223827,0.258130841,OK,,
SH10010,Warehouse_MIA,Chicago,FedEx,2/2/2023,2/7/2023,7.1,251.53,Delivered,1736,5,35.42676056,0.144890553,Flag,,
SH10011,Warehouse_ATL,Boston,Amazon Logistics,5/28/2023,6/4/2023,38.2,357.12,Delayed,2366,6,9.348691099,0.150938292,OK,,
SH10012,Warehouse_SEA,New York,FedEx,8/8/2023,8/13/2023,34.4,121.14,Delivered,650,5,3.521511628,0.186369231,OK,,
SH10013,Warehouse_NYC,Phoenix,UPS,12/28/2023,1/3/2024,20.7,272.48,Delivered,1574,6,13.16328502,0.173113088,OK,,
SH10014,Warehouse_BOS,Miami,FedEx,7/24/2023,7/30/2023,12.5,266.08,Delivered,1849,6,21.2864,0.143904813,Flag,,
SH10015,Warehouse_DEN,Minneapolis,OnTrac,5/10/2023,5/16/2023,28.6,221.21,Delivered,1489,6,7.734615385,0.148562794,OK,,
SH10016,Warehouse_CHI,Detroit,USPS,1/25/2023,1/26/2023,24.1,60.27,Lost,283,1,2.500829876,0.212968198,OK,,
SH10017,Warehouse_LA,San Francisco,OnTrac,6/8/2023,6/11/2023,43.2,80.6,In Transit,223,3,1.865740741,0.361434978,OK,,
SH10018,Warehouse_ATL,Atlanta,OnTrac,10/16/2023,10/25/2023,6.3,124.52,Delivered,1055,9,19.76507937,0.118028436,OK,,
SH10019,Warehouse_MIA,Portland,DHL,1/16/2023,1/21/2023,51.2,290.72,Delivered,1660,5,5.678125,0.17513253,OK,,
SH10020,Warehouse_MIA,Miami,FedEx,8/10/2023,7/11/2023,7.8,216.42,Delivered,1696,5,27.74615385,0.127606132,Flag,,
SH10021,Warehouse_SEA,Houston,LaserShip,8/23/2023,8/27/2023,29.6,216.63,Returned,1407,4,7.318581081,0.153965885,OK,,
SH10022,Warehouse_CHI,San Francisco,USPS,7/21/2023,7/23/2023,15.2,67.11,Delivered,440,2,4.415131579,0.152522727,OK,,
SH10023,Warehouse_SEA,Los Angeles,DHL,10/26/2023,10/29/2023,22.2,228.57,Delivered,1402,3,10.29594595,0.163031384,OK,,
SH10024,Warehouse_DEN,Phoenix,USPS,8/11/2023,8/15/2023,5.3,37.32,Delivered,256,4,7.041509434,0.14578125,OK,,
SH10025,Warehouse_NYC,Portland,UPS,4/27/2023,4/29/2023,40,124.29,Delivered,519,2,3.10725,0.239479769,OK,,
SH10026,Warehouse_DEN,Miami,UPS,12/30/2023,1/1/2024,8.7,73.52,Delivered,386,2,8.450574713,0.190466321,OK,,
SH10027,Warehouse_DEN,Boston,USPS,12/30/2023,1/5/2024,10.1,309.59,Delayed,1986,5,30.65247525,0.155886203,Flag,,
SH10028,Warehouse_SF,Dallas,LaserShip,12/15/2023,12/20/2023,22.8,373.64,Delivered,2229,5,16.3877193,0.167626738,OK,,
SH10029,Warehouse_SEA,Chicago,DHL,6/27/2023,7/3/2023,13,347.94,Delivered,2310,6,26.76461538,0.150623377,Flag,,
SH10030,Warehouse_SF,San Francisco,LaserShip,11/4/2023,,28.5,109.33,Delivered,502,2,3.836140351,0.217788845,OK,,
SH10031,Warehouse_BOS,Dallas,OnTrac,7/4/2023,7/8/2023,30.2,162.68,Delivered,1048,4,5.386754967,0.155229008,OK,,
SH10032,Warehouse_CHI,New York,FedEx,9/27/2023,10/1/2023,11.3,206.19,Delivered,1551,4,18.24690265,0.132940039,OK,,
SH10033,Warehouse_SF,Denver,USPS,3/26/2023,4/2/2023,15.8,66.35,Delayed,431,2,4.199367089,0.153944316,OK,,
SH10034,Warehouse_SEA,Denver,OnTrac,2/21/2023,2/23/2023,10.7,76.52,Delivered,528,2,7.151401869,0.144924242,OK,,
SH10035,Warehouse_BOS,Dallas,OnTrac,7/16/2023,7/17/2023,37.7,55.09,Lost,131,1,1.46127321,0.420534351,OK,,
SH10036,Warehouse_ATL,Los Angeles,FedEx,6/2/2023,6/18/2023,27.9,123.81,Delayed,659,3,4.437634409,0.187875569,OK,,
SH10037,Warehouse_SF,Dallas,Amazon Logistics,11/6/2023,11/11/2023,26.6,333.35,Delivered,2209,5,12.53195489,0.150905387,OK,,
SH10038,Warehouse_SF,Detroit,LaserShip,11/4/2023,11/10/2023,30.7,282.71,Returned,1674,6,9.208794788,0.168882915,OK,,
SH10039,Warehouse_MIA,New York,LaserShip,12/8/2023,,65.2,284.81,Delivered,1204,3,4.368251534,0.236553156,OK,,
SH10040,Warehouse_BOS,Denver,Amazon Logistics,10/4/2023,10/10/2023,13.4,209.01,Delivered,1550,6,15.59776119,0.134845161,OK,,
SH10041,Warehouse_NYC,Los Angeles,UPS,5/13/2023,5/17/2023,31.9,263.06,Delivered,1696,4,8.246394984,0.155106132,OK,,
SH10042,Warehouse_NYC,Los Angeles,USPS,12/29/2023,1/1/2024,37.8,129.73,Delivered,660,3,3.432010582,0.196560606,OK,,
SH10043,Warehouse_SEA,New York,DHL,3/9/2023,3/13/2023,17.4,194.58,Delivered,1153,4,11.18275862,0.168759757,OK,,
SH10044,Warehouse_CHI,San Francisco,OnTrac,5/8/2023,5/11/2023,4.7,49.68,Delivered,343,3,10.57021277,0.14483965,OK,,
SH10045,Warehouse_NYC,Miami,LaserShip,4/24/2023,4/29/2023,29.7,245.98,Delivered,1973,5,8.282154882,0.124673087,OK,,
SH10046,Warehouse_LA,Los Angeles,DHL,9/5/2023,9/11/2023,9,356.77,Delivered,2335,6,39.64111111,0.152792291,Flag,,
SH10047,Warehouse_SF,Dallas,USPS,1/17/2023,1/20/2023,25.4,127.22,Delivered,816,3,5.008661417,0.155906863,OK,,
SH10048,Warehouse_SF,Phoenix,LaserShip,4/23/2023,4/30/2023,14.2,248.03,Delivered,1758,7,17.46690141,0.141086462,OK,,
SH10049,Warehouse_MIA,Boston,UPS,1/7/2023,1/11/2023,84.1,251.24,Delivered,1010,4,2.987395957,0.248752475,OK,,
SH10050,Warehouse_MIA,New York,FedEx,8/6/2023,8/22/2023,29.5,340.07,Delayed,2396,6,11.52779661,0.141932387,OK,,
SH10051,Warehouse_SEA,Minneapolis,USPS,2/23/2023,2/28/2023,19.6,156.03,Delivered,1267,5,7.960714286,0.123149171,OK,,
SH10052,Warehouse_BOS,Chicago,Amazon Logistics,1/27/2023,2/1/2023,25.9,206.17,Delivered,1365,5,7.96023166,0.151040293,OK,,
SH10053,Warehouse_BOS,Dallas,UPS,2/18/2023,2/23/2023,26.6,277.97,Delivered,1847,5,10.45,0.150498105,OK,,
SH10054,Warehouse_DEN,Minneapolis,LaserShip,5/11/2023,5/17/2023,31.6,283.13,Delivered,2249,6,8.959810127,0.125891507,OK,,
SH10055,Warehouse_CHI,Chicago,OnTrac,9/27/2023,9/30/2023,24.7,68.63,Delivered,342,3,2.77854251,0.200672515,OK,,
SH10056,Warehouse_SF,Minneapolis,LaserShip,4/14/2023,4/19/2023,23.2,231.64,Delivered,1913,5,9.984482759,0.121087297,OK,,
SH10057,Warehouse_HOU,Los Angeles,LaserShip,10/26/2023,10/29/2023,6.8,42.06,Lost,255,3,6.185294118,0.164941176,OK,,
SH10058,Warehouse_SF,Los Angeles,USPS,10/11/2023,10/13/2023,8.9,78.37,Delivered,600,2,8.805617978,0.130616667,OK,,
SH10059,Warehouse_BOS,San Francisco,OnTrac,11/1/2023,11/6/2023,28.5,128.94,Delivered,622,5,4.524210526,0.207299035,OK,,
SH10060,Warehouse_HOU,Denver,OnTrac,10/10/2023,10/13/2023,59.8,196.89,Delivered,1030,3,3.292474916,0.19115534,OK,,
SH10061,Warehouse_ATL,Chicago,LaserShip,8/4/2023,8/7/2023,9.8,93.3,Delivered,708,3,9.520408163,0.131779661,OK,,
SH10062,Warehouse_SEA,Detroit,FedEx,5/23/2023,6/10/2023,61.9,316.41,Delayed,1914,5,5.111631664,0.16531348,OK,,
SH10063,Warehouse_BOS,Los Angeles,UPS,7/16/2023,7/19/2023,25.6,128.53,Delivered,740,3,5.020703125,0.173689189,OK,,
SH10064,Warehouse_CHI,Los Angeles,UPS,10/13/2023,10/16/2023,67.6,232.32,Delivered,1007,3,3.436686391,0.230705065,OK,,
SH10065,Warehouse_LA,Miami,LaserShip,4/23/2023,4/27/2023,50.3,152.13,Delivered,864,4,3.02445328,0.176076389,OK,,
SH10066,Warehouse_SF,Miami,Amazon Logistics,4/3/2023,4/9/2023,15.9,325.16,Delivered,2463,6,20.45031447,0.132017864,OK,,
SH10067,Warehouse_SEA,Seattle,DHL,6/11/2023,6/14/2023,42.3,195.98,Delivered,998,3,4.633096927,0.196372745,OK,,
SH10068,Warehouse_SEA,Atlanta,FedEx,9/1/2023,9/9/2023,26.2,261.81,Delivered,1801,8,9.992748092,0.145369239,OK,,
SH10069,Warehouse_SEA,Houston,FedEx,5/31/2023,6/4/2023,35.7,180.2,Delivered,989,4,5.047619048,0.182204247,OK,,
SH10070,Warehouse_HOU,Chicago,DHL,4/17/2023,4/26/2023,6.9,56.51,Delayed,383,3,8.189855072,0.147545692,OK,,
SH10071,Warehouse_CHI,Seattle,OnTrac,6/20/2023,6/25/2023,30.7,,Delivered,2307,5,0,0,OK,,
SH10072,Warehouse_NYC,Los Angeles,LaserShip,3/4/2023,3/13/2023,10.8,225.74,Delayed,1727,6,20.90185185,0.130712218,Flag,,
SH10073,Warehouse_LA,Seattle,USPS,9/11/2023,9/14/2023,0.6,199.78,In Transit,1135,3,332.9666667,0.176017621,Flag,,
SH10074,Warehouse_MIA,Phoenix,UPS,2/27/2023,3/2/2023,93,221.01,Delivered,757,3,2.376451613,0.291955086,OK,,
SH10075,Warehouse_HOU,Dallas,OnTrac,7/31/2023,8/4/2023,35.3,261.49,Delivered,1673,4,7.407648725,0.15630006,OK,,
SH10076,Warehouse_DEN,Houston,Amazon Logistics,11/12/2023,11/13/2023,25.4,85.28,Delivered,319,1,3.357480315,0.267335423,OK,,
SH10077,Warehouse_CHI,Seattle,USPS,7/31/2023,8/2/2023,20.8,130.21,Lost,994,2,6.260096154,0.130995976,OK,,
SH10078,Warehouse_LA,Portland,UPS,11/29/2023,12/2/2023,10.9,119.38,Delivered,612,3,10.95229358,0.195065359,OK,,
SH10079,Warehouse_SF,Detroit,UPS,6/30/2023,7/10/2023,22.4,309.17,Delayed,2214,7,13.80223214,0.13964318,OK,,
SH10080,Warehouse_LA,Los Angeles,LaserShip,4/4/2023,4/7/2023,15.1,152.16,Delivered,1051,3,10.07682119,0.144776403,OK,,
SH10081,Warehouse_SF,New York,DHL,3/14/2023,3/19/2023,22.9,289.37,Delivered,1714,5,12.63624454,0.168827305,OK,,
SH10082,Warehouse_CHI,Denver,OnTrac,5/7/2023,5/9/2023,14.1,144.14,Delivered,1000,2,10.22269504,0.14414,OK,,
SH10083,Warehouse_SF,Phoenix,LaserShip,11/4/2023,11/12/2023,9.3,333.26,Delivered,2210,8,35.8344086,0.15079638,Flag,,
SH10084,Warehouse_CHI,Atlanta,FedEx,7/2/2023,7/6/2023,22.9,233.89,Delivered,1510,4,10.21353712,0.15489404,OK,,
SH10085,Warehouse_CHI,Los Angeles,UPS,4/6/2023,4/12/2023,31.7,282.19,Delivered,1777,6,8.901892744,0.158801351,OK,,
SH10086,Warehouse_SEA,Minneapolis,DHL,11/22/2023,11/29/2023,13.5,422.32,Delivered,2388,7,31.28296296,0.176850921,Flag,,
SH10087,Warehouse_CHI,Chicago,OnTrac,11/21/2023,11/30/2023,17.1,214.99,Delayed,1284,4,12.57251462,0.167437695,OK,,
SH10088,Warehouse_HOU,Miami,USPS,6/21/2023,6/24/2023,37,184.07,Delivered,1198,3,4.974864865,0.153647746,OK,,
SH10089,Warehouse_NYC,Portland,LaserShip,11/10/2023,11/14/2023,127.8,247.54,Delivered,1482,4,1.936932707,0.167031039,OK,,
SH10090,Warehouse_MIA,Chicago,OnTrac,1/27/2023,1/29/2023,10.8,83.32,Returned,530,2,7.714814815,0.157207547,OK,,
SH10091,Warehouse_ATL,Los Angeles,Amazon Logistics,11/28/2023,12/9/2023,8.5,151.64,Delayed,920,4,17.84,0.164826087,OK,,
SH10092,Warehouse_DEN,Los Angeles,LaserShip,4/26/2023,5/1/2023,16,277.61,Delivered,1950,5,17.350625,0.142364103,OK,,
SH10093,Warehouse_MIA,Houston,UPS,3/3/2023,3/8/2023,32.9,337.04,Delivered,2233,5,10.2443769,0.150935961,OK,,
SH10094,Warehouse_ATL,San Francisco,OnTrac,4/17/2023,4/24/2023,29.5,167.82,Delivered,1022,7,5.688813559,0.164207436,OK,,
SH10095,Warehouse_MIA,Detroit,Amazon Logistics,7/1/2023,7/4/2023,18.6,191.08,Delivered,1447,3,10.27311828,0.132052522,OK,,
SH10096,Warehouse_MIA,Atlanta,DHL,8/20/2023,8/21/2023,9.6,42.77,Delivered,241,1,4.455208333,0.17746888,OK,,
SH10097,Warehouse_MIA,Atlanta,Amazon Logistics,9/19/2023,,80.4,259.98,Delivered,1554,5,3.23358209,0.167297297,OK,,
SH10098,Warehouse_BOS,Miami,OnTrac,5/10/2023,5/15/2023,11.1,273.63,Delivered,2053,5,24.65135135,0.133283,Flag,,
SH10099,Warehouse_SEA,Phoenix,LaserShip,7/18/2023,7/21/2023,14.6,141.34,Delivered,1158,3,9.680821918,0.122055268,OK,,
SH10100,Warehouse_CHI,Atlanta,Amazon Logistics,4/10/2023,4/17/2023,11.9,277.05,Delivered,2109,7,23.28151261,0.131365576,Flag,,
SH10101,Warehouse_DEN,Miami,LaserShip,8/28/2023,8/30/2023,51,,Delivered,179,2,0,0,OK,,
SH10102,Warehouse_BOS,Houston,DHL,7/17/2023,7/24/2023,8.6,352.85,Delivered,2465,7,41.02906977,0.143144016,Flag,,
SH10103,Warehouse_BOS,New York,Amazon Logistics,1/14/2023,1/25/2023,6.3,283.56,Delivered,2366,11,45.00952381,0.119847844,Flag,,
SH10104,Warehouse_SEA,New York,FedEx,12/13/2023,12/16/2023,16.6,121.29,Delivered,543,3,7.306626506,0.223370166,OK,,
SH10105,Warehouse_MIA,New York,DHL,4/23/2023,5/6/2023,40.7,270.27,Delayed,1682,6,6.640540541,0.16068371,OK,,
SH10106,Warehouse_HOU,Denver,OnTrac,8/19/2023,8/22/2023,22.6,149.52,Delivered,1030,3,6.615929204,0.145165049,OK,,
SH10107,Warehouse_NYC,Chicago,UPS,7/30/2023,8/2/2023,44.3,140.74,Delivered,790,3,3.176975169,0.178151899,OK,,
SH10108,Warehouse_MIA,Minneapolis,LaserShip,8/15/2023,8/19/2023,12.8,198.31,Delivered,1534,4,15.49296875,0.129276402,OK,,
SH10109,Warehouse_DEN,Phoenix,LaserShip,12/13/2023,,16.5,73.12,Delivered,371,2,4.431515152,0.197088949,OK,,
SH10110,Warehouse_CHI,Houston,DHL,9/22/2023,9/29/2023,46.1,409.06,Delivered,2306,7,8.873318872,0.177389419,OK,,
SH10111,Warehouse_SF,New York,FedEx,5/24/2023,5/29/2023,19.2,273.26,Delivered,1810,5,14.23229167,0.150972376,OK,,
SH10112,Warehouse_HOU,Chicago,Amazon Logistics,2/2/2023,2/16/2023,7.6,41.42,Delayed,277,2,5.45,0.149530686,OK,,
SH10113,Warehouse_CHI,Chicago,USPS,6/7/2023,6/13/2023,38.1,272.16,Delivered,1953,6,7.143307087,0.139354839,OK,,
SH10114,Warehouse_SF,Los Angeles,FedEx,4/3/2023,3/4/2023,23.2,270.43,Delivered,1800,4,11.65646552,0.150238889,OK,,
SH10115,Warehouse_NYC,Portland,LaserShip,7/20/2023,7/25/2023,22.8,267.89,Delivered,1951,5,11.7495614,0.137309072,OK,,
SH10116,Warehouse_BOS,Houston,FedEx,1/5/2023,1/12/2023,18.8,249.35,Delivered,1744,7,13.26329787,0.142975917,OK,,
SH10117,Warehouse_CHI,Minneapolis,Amazon Logistics,5/18/2023,5/22/2023,14,171.55,Delivered,1323,4,12.25357143,0.129667423,OK,,
SH10118,Warehouse_DEN,Denver,OnTrac,3/24/2023,4/1/2023,17.6,215.18,Delayed,1646,4,12.22613636,0.13072904,OK,,
SH10119,Warehouse_DEN,Minneapolis,DHL,7/10/2023,7/11/2023,21.6,64.74,Delivered,261,1,2.997222222,0.248045977,OK,,
SH10120,Warehouse_SEA,Denver,Amazon Logistics,9/26/2023,10/2/2023,8.2,278.34,Delivered,2330,6,33.94390244,0.119459227,Flag,,
SH10121,Warehouse_CHI,Houston,FedEx,3/6/2023,3/11/2023,25.1,165.41,Delivered,973,5,6.590039841,0.17,OK,,
SH10122,Warehouse_HOU,New York,Amazon Logistics,5/18/2023,5/25/2023,14.4,280.59,Delivered,2399,7,19.48541667,0.116961234,OK,,
SH10123,Warehouse_ATL,Phoenix,OnTrac,8/10/2023,8/14/2023,50.1,210.77,Delivered,1297,4,4.206986028,0.162505783,OK,,
SH10124,Warehouse_ATL,San Francisco,USPS,4/5/2023,4/11/2023,20.3,150.38,Delivered,1200,6,7.407881773,0.125316667,OK,,
SH10125,Warehouse_CHI,Miami,USPS,6/28/2023,7/2/2023,11.8,180.52,Delivered,1350,4,15.29830508,0.133718519,OK,,
SH10126,Warehouse_SEA,Miami,UPS,9/2/2023,9/9/2023,90.2,384.64,Delivered,2188,7,4.264301552,0.175795247,OK,,
SH10127,Warehouse_LA,Miami,UPS,10/5/2023,10/13/2023,30.1,156.74,Delivered,1075,8,5.20730897,0.145804651,OK,,
SH10128,Warehouse_BOS,Miami,LaserShip,10/18/2023,10/27/2023,3.2,159.82,Delivered,1260,9,49.94375,0.12684127,Flag,,
SH10129,Warehouse_MIA,Miami,LaserShip,4/17/2023,4/22/2023,31.9,260.72,Delivered,1926,5,8.173040752,0.13536864,OK,,
SH10130,Warehouse_MIA,Phoenix,LaserShip,12/1/2023,12/6/2023,15.1,321.82,Delivered,2204,5,21.31258278,0.146016334,Flag,,
SH10131,Warehouse_SF,Seattle,OnTrac,5/26/2023,6/2/2023,19.2,253.39,Returned,2048,7,13.19739583,0.123725586,OK,,
SH10132,Warehouse_DEN,San Francisco,DHL,7/7/2023,,8.4,,Delivered,815,3,0,0,OK,,
SH10133,Warehouse_NYC,Atlanta,UPS,12/23/2023,12/26/2023,26.4,186.75,Delivered,870,3,7.073863636,0.214655172,OK,,
SH10134,Warehouse_SF,Portland,LaserShip,1/3/2023,1/10/2023,24.4,313.23,Delivered,2314,7,12.83729508,0.135363008,OK,,
SH10135,Warehouse_LA,San Francisco,DHL,9/16/2023,9/19/2023,59.4,234.64,Delivered,1070,3,3.95016835,0.21928972,OK,,
SH10136,Warehouse_CHI,Miami,FedEx,11/4/2023,11/10/2023,15.9,257.13,Delivered,1350,6,16.17169811,0.190466667,OK,,
SH10137,Warehouse_DEN,Boston,Amazon Logistics,2/10/2023,2/14/2023,17.5,208.17,Delivered,1476,4,11.89542857,0.141036585,OK,,
SH10138,Warehouse_NYC,Houston,OnTrac,11/8/2023,11/11/2023,66.5,199.04,Delivered,672,3,2.993082707,0.296190476,OK,,
SH10139,Warehouse_CHI,Houston,USPS,3/10/2023,3/13/2023,19.4,169.99,Delivered,1300,3,8.762371134,0.130761538,OK,,
SH10140,Warehouse_SEA,Portland,USPS,12/2/2023,12/4/2023,48,133.98,Delivered,593,2,2.79125,0.225935919,OK,,
SH10141,Warehouse_BOS,Chicago,USPS,10/15/2023,10/20/2023,18.4,237.17,Delivered,1939,5,12.88967391,0.122315627,OK,,
SH10142,Warehouse_NYC,Chicago,OnTrac,1/6/2023,1/9/2023,38.9,137.82,Delivered,790,3,3.542930591,0.174455696,OK,,
SH10143,Warehouse_LA,San Francisco,OnTrac,2/5/2023,2/12/2023,36.6,310.16,Delivered,2497,7,8.47431694,0.124213056,OK,,
SH10144,Warehouse_SEA,New York,USPS,5/5/2023,5/7/2023,19.2,81.43,Delivered,510,2,4.241145833,0.159666667,OK,,
SH10145,Warehouse_HOU,Atlanta,UPS,7/3/2023,7/10/2023,23.4,142.13,Delayed,800,3,6.073931624,0.1776625,OK,,
SH10146,Warehouse_BOS,Portland,USPS,8/12/2023,8/17/2023,23.7,,Delivered,1459,5,0,0,OK,,
SH10147,Warehouse_ATL,San Francisco,UPS,7/14/2023,7/19/2023,66.8,336.2,Delivered,2262,5,5.032934132,0.148629531,OK,,
SH10148,Warehouse_NYC,Minneapolis,Amazon Logistics,7/25/2023,7/31/2023,25.8,258.31,Delivered,2078,6,10.0120155,0.124307026,OK,,
SH10149,Warehouse_LA,New York,DHL,5/22/2023,6/7/2023,38.2,151.35,Lost,775,3,3.962041885,0.195290323,OK,,
SH10150,Warehouse_SF,Phoenix,LaserShip,5/27/2023,6/1/2023,11.6,278.85,Delivered,2080,5,24.0387931,0.1340625,Flag,,
SH10151,Warehouse_ATL,San Francisco,UPS,11/15/2023,11/30/2023,21.8,123.4,Delayed,573,2,5.660550459,0.215357766,OK,,
SH10152,Warehouse_HOU,Seattle,FedEx,3/30/2023,4/2/2023,11.5,167.08,Delivered,1125,3,14.52869565,0.148515556,OK,,
SH10153,Warehouse_MIA,Chicago,LaserShip,11/2/2023,11/17/2023,45,118.74,Delayed,382,5,2.638666667,0.310837696,OK,,
SH10154,Warehouse_MIA,Minneapolis,DHL,5/15/2023,,55.3,362.11,Delivered,2192,6,6.548101266,0.165196168,OK,,
SH10155,Warehouse_SF,Seattle,USPS,7/22/2023,7/27/2023,12.2,278.15,Delivered,2161,5,22.79918033,0.128713559,Flag,,
SH10156,Warehouse_LA,New York,FedEx,3/7/2023,3/12/2023,54.9,332.76,Delivered,2244,5,6.061202186,0.14828877,OK,,
SH10157,Warehouse_SEA,Seattle,LaserShip,5/4/2023,5/6/2023,11.9,83.93,Delivered,561,2,7.052941176,0.149607843,OK,,
SH10158,Warehouse_NYC,Phoenix,Amazon Logistics,12/7/2023,12/9/2023,11.5,69.7,Delivered,388,2,6.060869565,0.179639175,OK,,
SH10159,Warehouse_HOU,Portland,UPS,5/14/2023,5/23/2023,32.2,334.49,Delivered,2453,9,10.3878882,0.13635956,OK,,
SH10160,Warehouse_LA,Atlanta,UPS,11/12/2023,11/16/2023,22.1,169.82,Delivered,821,4,7.684162896,0.206845311,OK,,
SH10161,Warehouse_HOU,Chicago,LaserShip,9/19/2023,9/23/2023,23.8,206.9,Delivered,1566,4,8.693277311,0.132120051,OK,,
SH10162,Warehouse_BOS,Houston,USPS,3/14/2023,3/16/2023,22.1,79.13,Delivered,465,2,3.580542986,0.170172043,OK,,
SH10163,Warehouse_CHI,Miami,Amazon Logistics,10/17/2023,10/21/2023,19.7,196.56,Delivered,1350,4,9.977664975,0.1456,OK,,
SH10164,Warehouse_CHI,Atlanta,USPS,9/19/2023,9/21/2023,14.6,94.67,Delivered,648,2,6.484246575,0.146095679,OK,,
SH10165,Warehouse_LA,Denver,OnTrac,11/19/2023,11/21/2023,23.3,117.91,Delivered,586,2,5.060515021,0.201211604,OK,,
SH10166,Warehouse_SEA,Minneapolis,FedEx,5/6/2023,5/11/2023,20.2,309.57,Delivered,1964,5,15.32524752,0.1576222,OK,,
SH10167,Warehouse_LA,Miami,UPS,8/23/2023,8/25/2023,5.7,24.11,Delivered,143,2,4.229824561,0.168601399,OK,,
SH10168,Warehouse_CHI,Houston,Amazon Logistics,7/25/2023,7/29/2023,7.5,157.13,Delivered,1262,4,20.95066667,0.124508716,Flag,,
SH10169,Warehouse_DEN,Phoenix,FedEx,9/1/2023,9/6/2023,84.2,414.53,Delivered,2302,5,4.923159145,0.180073849,OK,,
SH10170,Warehouse_MIA,Atlanta,USPS,9/25/2023,9/28/2023,18.2,103.05,Delivered,679,3,5.662087912,0.151767305,OK,,
SH10171,Warehouse_LA,Chicago,Amazon Logistics,9/15/2023,9/17/2023,12.9,114.88,Delivered,755,2,8.905426357,0.15215894,OK,,
SH10172,Warehouse_SEA,New York,Amazon Logistics,4/23/2023,5/1/2023,35.1,272.06,Delivered,2056,8,7.750997151,0.132324903,OK,,
SH10173,Warehouse_MIA,Detroit,UPS,7/28/2023,8/1/2023,6.6,156.36,In Transit,1222,4,23.69090909,0.127954173,Flag,,
SH10174,Warehouse_LA,Houston,FedEx,1/5/2023,1/23/2023,11.5,244.22,Delayed,1814,8,21.23652174,0.13463065,Flag,,
SH10175,Warehouse_MIA,Minneapolis,USPS,7/19/2023,7/25/2023,11.6,184.5,Delivered,1454,6,15.90517241,0.126891334,OK,,
SH10176,Warehouse_NYC,Miami,USPS,6/17/2023,6/19/2023,105,180.26,Returned,543,2,1.716761905,0.331970534,OK,,
SH10177,Warehouse_BOS,Atlanta,DHL,7/30/2023,8/2/2023,13.8,167.23,Delivered,1142,3,12.11811594,0.146436077,OK,,
SH10178,Warehouse_MIA,Portland,FedEx,6/7/2023,6/10/2023,14.1,137.25,Delivered,810,3,9.734042553,0.169444444,OK,,
SH10179,Warehouse_CHI,Portland,Amazon Logistics,8/14/2023,8/27/2023,30.3,154.16,Delayed,1081,3,5.087788779,0.142608696,OK,,
SH10180,Warehouse_DEN,Phoenix,Amazon Logistics,1/21/2023,1/22/2023,19.4,40.24,Delivered,152,1,2.074226804,0.264736842,OK,,
SH10181,Warehouse_NYC,Phoenix,DHL,9/15/2023,9/20/2023,10,156.13,Delivered,1120,5,15.613,0.139401786,OK,,
SH10182,Warehouse_SEA,Portland,Amazon Logistics,1/1/2023,1/10/2023,22.8,319.99,Delivered,2327,9,14.03464912,0.137511818,OK,,
SH10183,Warehouse_HOU,Dallas,Amazon Logistics,9/24/2023,10/6/2023,7.1,,Delayed,1376,5,0,0,OK,,
SH10184,Warehouse_SF,Houston,Amazon Logistics,11/25/2023,11/30/2023,17.5,347.71,Delivered,2380,5,19.86914286,0.146096639,OK,,
SH10185,Warehouse_LA,Minneapolis,LaserShip,9/20/2023,9/24/2023,25.6,108.01,Delivered,694,4,4.219140625,0.155634006,OK,,
SH10186,Warehouse_HOU,New York,FedEx,7/4/2023,7/8/2023,19.6,261.42,Delivered,1791,4,13.3377551,0.145963149,OK,,
SH10187,Warehouse_LA,New York,OnTrac,4/30/2023,5/2/2023,15.7,67.25,Delivered,411,2,4.28343949,0.163625304,OK,,
SH10188,Warehouse_SEA,San Francisco,OnTrac,12/20/2023,12/26/2023,7.5,158.02,Delivered,1073,6,21.06933333,0.147269338,Flag,,
SH10189,Warehouse_MIA,Minneapolis,FedEx,7/29/2023,8/2/2023,23.5,261.49,Delivered,1634,4,11.12723404,0.1600306,OK,,
SH10190,Warehouse_BOS,San Francisco,USPS,2/19/2023,2/25/2023,4.5,277.56,Delivered,2411,6,61.68,0.115122356,Flag,,
SH10191,Warehouse_SEA,Detroit,UPS,3/2/2023,3/10/2023,11.9,,Delivered,2481,8,0,0,OK,,
SH10192,Warehouse_SEA,Detroit,FedEx,12/10/2023,12/15/2023,26.5,345.27,Delivered,2052,5,13.0290566,0.168260234,OK,,
SH10193,Warehouse_NYC,Dallas,LaserShip,11/6/2023,11/14/2023,12.8,378.16,Delivered,2465,8,29.54375,0.153411765,Flag,,
SH10194,Warehouse_LA,Chicago,DHL,2/19/2023,2/24/2023,29.3,206.8,Delivered,1213,5,7.058020478,0.170486397,OK,,
SH10195,Warehouse_LA,Houston,LaserShip,5/14/2023,5/18/2023,15.5,174.55,Delivered,1247,4,11.26129032,0.139975942,OK,,
SH10196,Warehouse_SF,New York,OnTrac,10/16/2023,10/22/2023,19,321.04,Lost,2278,6,16.89684211,0.140930641,OK,,
SH10197,Warehouse_BOS,San Francisco,USPS,5/30/2023,6/7/2023,15.3,300.44,Delayed,2406,7,19.63660131,0.124871155,OK,,
SH10198,Warehouse_BOS,Denver,UPS,7/15/2023,7/19/2023,4.2,208.73,Delivered,1596,4,49.69761905,0.130783208,Flag,,
SH10199,Warehouse_HOU,San Francisco,OnTrac,1/31/2023,2/3/2023,20.1,169.98,Delivered,1108,3,8.456716418,0.153411552,OK,,
SH10200,Warehouse_LA,Portland,LaserShip,12/28/2023,1/3/2024,9.6,195.3,Delivered,1380,6,20.34375,0.141521739,OK,,
SH10201,Warehouse_DEN,Dallas,UPS,3/28/2023,4/2/2023,5.3,197.9,Delivered,1605,5,37.33962264,0.123302181,Flag,,
SH10202,Warehouse_LA,Atlanta,USPS,12/9/2023,12/23/2023,10.8,232.88,Delayed,1504,4,21.56296296,0.154840426,Flag,,
SH10203,Warehouse_SF,Boston,DHL,1/31/2023,2/5/2023,61.1,350.67,Delivered,2138,5,5.739279869,0.164017774,OK,,
SH10204,Warehouse_HOU,New York,OnTrac,9/16/2023,9/28/2023,20.1,112.36,Delayed,754,3,5.590049751,0.149018568,OK,,
SH10205,Warehouse_NYC,Los Angeles,USPS,3/16/2023,,27.9,65.87,Delivered,320,2,2.3609319,0.20584375,OK,,
SH10206,Warehouse_LA,Houston,LaserShip,3/16/2023,3/20/2023,22.8,242.14,Delivered,1657,4,10.62017544,0.146131563,OK,,
SH10207,Warehouse_MIA,Detroit,DHL,11/3/2023,11/7/2023,14.7,285.59,Delivered,1423,4,19.42789116,0.200695713,OK,,
SH10208,Warehouse_LA,Seattle,FedEx,9/12/2023,9/17/2023,32.1,193.72,Delivered,1135,5,6.034890966,0.170678414,OK,,
SH10209,Warehouse_BOS,Phoenix,DHL,5/18/2023,6/4/2023,8.7,121.73,Delayed,737,4,13.99195402,0.165169607,OK,,
SH10210,Warehouse_BOS,Detroit,DHL,10/25/2023,10/27/2023,33.7,162.31,Delivered,796,2,4.816320475,0.203907035,OK,,
SH10211,Warehouse_CHI,Chicago,FedEx,12/15/2023,12/17/2023,28.8,96.12,Delivered,308,2,3.3375,0.312077922,OK,,
SH10212,Warehouse_HOU,San Francisco,FedEx,12/15/2023,12/20/2023,9.1,125.92,Returned,787,5,13.83736264,0.16,OK,,
SH10213,Warehouse_ATL,Denver,Amazon Logistics,8/28/2023,9/5/2023,28.5,284.4,Delivered,2074,8,9.978947368,0.137126326,OK,,
SH10214,Warehouse_HOU,Chicago,DHL,9/22/2023,9/27/2023,88,297.28,Delivered,1145,5,3.378181818,0.259633188,OK,,
SH10215,Warehouse_DEN,Minneapolis,OnTrac,6/7/2023,6/12/2023,21.9,,Delivered,1719,5,0,0,OK,,
SH10216,Warehouse_NYC,Los Angeles,USPS,8/4/2023,8/9/2023,24.1,141.81,Delivered,1082,5,5.884232365,0.131062847,OK,,
SH10217,Warehouse_ATL,Dallas,FedEx,12/23/2023,12/26/2023,11.9,192.63,Delivered,1204,3,16.18739496,0.159991694,OK,,
SH10218,Warehouse_HOU,Denver,LaserShip,9/4/2023,9/7/2023,17.9,133.27,Delivered,1030,3,7.445251397,0.12938835,OK,,
SH10219,Warehouse_BOS,Dallas,Amazon Logistics,5/18/2023,5/20/2023,38.1,120.04,Delivered,603,2,3.150656168,0.19907131,OK,,
SH10220,Warehouse_ATL,Boston,UPS,7/14/2023,7/19/2023,4.9,203.03,Delivered,1660,5,41.43469388,0.122307229,Flag,,
SH10221,Warehouse_CHI,Chicago,FedEx,9/6/2023,9/9/2023,86.2,210.89,Delivered,862,3,2.446519722,0.244651972,OK,,
SH10222,Warehouse_CHI,Dallas,UPS,6/28/2023,7/3/2023,12.6,176.77,Delivered,1322,5,14.02936508,0.13371407,OK,,
SH10223,Warehouse_HOU,Denver,UPS,6/19/2023,6/22/2023,33.8,161.45,Delivered,1030,3,4.776627219,0.156747573,OK,,
SH10224,Warehouse_MIA,Minneapolis,FedEx,4/28/2023,5/7/2023,14.1,87.12,Delayed,573,3,6.178723404,0.152041885,OK,,
SH10225,Warehouse_BOS,Portland,Amazon Logistics,9/13/2023,9/18/2023,19.3,98.54,Delayed,585,1,5.105699482,0.168444444,OK,,
SH10226,Warehouse_HOU,Phoenix,USPS,12/10/2023,12/13/2023,16.6,219.37,Delivered,1469,3,13.21506024,0.14933288,OK,,
SH10227,Warehouse_SEA,New York,OnTrac,11/29/2023,12/5/2023,16.1,161.74,Delivered,1053,6,10.04596273,0.15359924,OK,,
SH10228,Warehouse_SEA,Boston,DHL,5/11/2023,5/14/2023,10.8,188.69,In Transit,1329,3,17.4712963,0.141978932,OK,,
SH10229,Warehouse_DEN,Portland,Amazon Logistics,3/13/2023,3/14/2023,8.8,27.23,Delivered,156,1,3.094318182,0.174551282,OK,,
SH10230,Warehouse_BOS,Portland,Amazon Logistics,3/1/2023,3/6/2023,12.1,247.5,Delayed,1760,4,20.45454545,0.140625,OK,,
SH10231,Warehouse_CHI,Detroit,FedEx,8/30/2023,9/12/2023,19.8,63.39,Delayed,283,2,3.201515152,0.223992933,OK,,
SH10232,Warehouse_HOU,Houston,OnTrac,12/24/2023,12/27/2023,22.2,81.13,Delivered,397,3,3.654504505,0.204357683,OK,,
SH10233,Warehouse_ATL,Los Angeles,Amazon Logistics,8/12/2023,8/16/2023,18.5,109.5,Delivered,816,4,5.918918919,0.134191176,OK,,
SH10234,Warehouse_HOU,Los Angeles,LaserShip,4/28/2023,5/1/2023,10,96.03,Returned,715,3,9.603,0.134307692,OK,,
SH10235,Warehouse_NYC,Phoenix,UPS,5/24/2023,5/28/2023,25.9,285.87,Delivered,1956,4,11.03745174,0.146150307,OK,,
SH10236,Warehouse_BOS,Chicago,Amazon Logistics,7/30/2023,8/4/2023,22.8,277.9,Delivered,2187,5,12.18859649,0.127069044,OK,,
SH10237,Warehouse_NYC,Seattle,USPS,9/14/2023,9/20/2023,85.5,345.35,Delivered,2172,6,4.039181287,0.159000921,OK,,
SH10238,Warehouse_MIA,Denver,OnTrac,8/25/2023,8/28/2023,31.8,125.07,Delivered,816,3,3.933018868,0.153272059,OK,,
SH10239,Warehouse_LA,Atlanta,DHL,6/30/2023,7/7/2023,3.1,185.13,Delivered,1236,7,59.71935484,0.149781553,Flag,,
SH10240,Warehouse_SF,New York,Amazon Logistics,6/24/2023,6/29/2023,54.9,319.88,Delivered,1902,5,5.826593807,0.168180862,OK,,
SH10241,Warehouse_SEA,Denver,DHL,10/11/2023,10/15/2023,17.6,167.63,Delivered,1038,4,9.524431818,0.161493256,OK,,
SH10242,Warehouse_SEA,Houston,LaserShip,5/24/2023,5/28/2023,8.7,188.16,Delivered,1590,4,21.62758621,0.118339623,Flag,,
SH10243,Warehouse_ATL,Chicago,DHL,8/12/2023,8/17/2023,11.8,92.57,In Transit,590,5,7.844915254,0.156898305,OK,,
SH10244,Warehouse_HOU,Houston,LaserShip,4/3/2023,4/7/2023,44,167.48,Delivered,1105,4,3.806363636,0.151565611,OK,,
SH10245,Warehouse_MIA,Minneapolis,USPS,2/17/2023,2/20/2023,16.7,152.32,Delivered,1153,3,9.120958084,0.132107546,OK,,
SH10246,Warehouse_LA,Minneapolis,USPS,3/20/2023,3/23/2023,21.9,167.58,Delivered,1124,3,7.652054795,0.149092527,OK,,
SH10247,Warehouse_LA,New York,LaserShip,2/28/2023,3/5/2023,3.6,230.21,Delivered,2074,5,63.94722222,0.110998071,Flag,,
SH10248,Warehouse_HOU,Seattle,UPS,12/28/2023,12/30/2023,32.7,97.49,Delivered,302,2,2.981345566,0.32281457,OK,,
SH10249,Warehouse_DEN,Chicago,USPS,11/3/2023,11/8/2023,13.6,316.04,Delivered,2073,5,23.23823529,0.152455379,Flag,,
SH10250,Warehouse_NYC,Portland,Amazon Logistics,2/26/2023,1/27/2023,5.5,259.45,Delivered,2132,7,47.17272727,0.121693246,Flag,,
SH10251,Warehouse_BOS,Chicago,Amazon Logistics,3/2/2023,3/5/2023,27.5,111.16,Delivered,569,3,4.042181818,0.195360281,OK,,
SH10252,Warehouse_BOS,Los Angeles,UPS,11/11/2023,11/16/2023,21.5,437.58,Delivered,2433,5,20.35255814,0.179852035,OK,,
SH10253,Warehouse_ATL,Denver,LaserShip,1/15/2023,1/17/2023,24.8,110.65,Delivered,677,2,4.461693548,0.163441654,OK,,
SH10254,Warehouse_BOS,Portland,LaserShip,2/27/2023,3/5/2023,11.2,324.52,In Transit,2379,6,28.975,0.136410256,Flag,,
SH10255,Warehouse_LA,Denver,UPS,11/11/2023,11/16/2023,17.9,191.48,Delivered,984,5,10.6972067,0.194593496,OK,,
SH10256,Warehouse_DEN,Miami,DHL,5/19/2023,5/22/2023,34.9,102.14,Delivered,420,3,2.926647564,0.243190476,OK,,
SH10257,Warehouse_MIA,Dallas,FedEx,2/28/2023,3/1/2023,27.1,79.46,Delivered,338,1,2.932103321,0.235088757,OK,,
SH10258,Warehouse_CHI,Los Angeles,Amazon Logistics,9/16/2023,9/29/2023,46.8,105.98,Delayed,410,2,2.264529915,0.258487805,OK,,
SH10259,Warehouse_LA,Minneapolis,UPS,5/27/2023,6/1/2023,10.4,204.87,Delivered,1486,5,19.69903846,0.137866756,OK,,
SH10260,Warehouse_MIA,San Francisco,UPS,7/5/2023,,14.6,358.31,Delayed,2492,6,24.54178082,0.143784109,Flag,,
SH10261,Warehouse_HOU,Detroit,DHL,12/24/2023,12/28/2023,39.2,159.9,Delivered,605,4,4.079081633,0.264297521,OK,,
SH10262,Warehouse_LA,Phoenix,USPS,3/13/2023,3/16/2023,10,,Delivered,373,3,0,0,OK,,
SH10263,Warehouse_DEN,Portland,FedEx,8/31/2023,9/1/2023,8.6,34.32,Delivered,165,1,3.990697674,0.208,OK,,
SH10264,Warehouse_LA,Dallas,UPS,1/11/2023,1/15/2023,10.9,191.54,Delivered,1435,4,17.57247706,0.133477352,OK,,
SH10265,Warehouse_SF,Detroit,USPS,1/11/2023,1/14/2023,35.3,102.36,Delivered,533,3,2.899716714,0.192045028,OK,,
SH10266,Warehouse_BOS,Phoenix,Amazon Logistics,11/29/2023,12/5/2023,40.9,224.12,Delivered,1122,6,5.479706601,0.199750446,OK,,
SH10267,Warehouse_ATL,Minneapolis,DHL,7/22/2023,7/23/2023,22.4,70.43,Delivered,263,1,3.144196429,0.267794677,OK,,
SH10268,Warehouse_DEN,Miami,Amazon Logistics,11/14/2023,11/19/2023,8.7,202.52,Delivered,1348,5,23.27816092,0.150237389,Flag,,
SH10269,Warehouse_SF,Atlanta,USPS,11/28/2023,12/1/2023,10.9,55.96,In Transit,340,3,5.133944954,0.164588235,OK,,
SH10270,Warehouse_DEN,Phoenix,FedEx,1/18/2023,1/21/2023,4.9,27.41,Delivered,159,3,5.593877551,0.172389937,OK,,
SH10271,Warehouse_BOS,Chicago,FedEx,1/21/2023,1/26/2023,45.1,322.54,Delivered,2054,5,7.151662971,0.157030185,OK,,
SH10272,Warehouse_SEA,Chicago,Amazon Logistics,3/27/2023,3/28/2023,24.8,66.9,In Transit,274,1,2.697580645,0.244160584,OK,,
SH10273,Warehouse_CHI,Miami,LaserShip,1/4/2023,1/8/2023,26.5,,Delivered,1350,4,0,0,OK,,
SH10274,Warehouse_LA,Miami,LaserShip,3/15/2023,3/20/2023,13.4,,Delivered,916,5,0,0,OK,,
SH10275,Warehouse_LA,New York,LaserShip,4/16/2023,4/18/2023,25.3,107.88,In Transit,742,2,4.264031621,0.145390836,OK,,
SH10276,Warehouse_ATL,Dallas,FedEx,8/18/2023,8/24/2023,18,305.41,Delivered,2218,6,16.96722222,0.137696123,OK,,
SH10277,Warehouse_DEN,Phoenix,OnTrac,3/12/2023,3/17/2023,8.2,248.9,Delivered,1857,5,30.35365854,0.134033387,Flag,,
SH10278,Warehouse_LA,Los Angeles,OnTrac,9/2/2023,9/8/2023,9.6,242.9,Delivered,2001,6,25.30208333,0.121389305,Flag,,
SH10279,Warehouse_SF,Minneapolis,USPS,10/19/2023,10/20/2023,37.7,77.3,Delivered,293,1,2.050397878,0.263822526,OK,,
SH10280,Warehouse_SEA,Dallas,OnTrac,10/22/2023,10/26/2023,20.1,209.94,Delivered,1401,4,10.44477612,0.149850107,OK,,
SH10281,Warehouse_HOU,Phoenix,OnTrac,3/22/2023,4/3/2023,21.5,136.58,Delayed,916,2,6.35255814,0.149104803,OK,,
SH10282,Warehouse_DEN,Los Angeles,Amazon Logistics,3/6/2023,3/10/2023,4.6,230.19,Delivered,1778,4,50.04130435,0.129465692,Flag,,
SH10283,Warehouse_CHI,Boston,FedEx,11/6/2023,11/12/2023,29.5,194.07,Delivered,1041,6,6.578644068,0.186426513,OK,,
SH10284,Warehouse_ATL,Los Angeles,USPS,9/13/2023,8/14/2023,8,92.47,Delivered,676,5,11.55875,0.136789941,OK,,
SH10285,Warehouse_SF,Miami,USPS,4/4/2023,4/5/2023,9.9,62.2,Delivered,448,1,6.282828283,0.138839286,OK,,
SH10286,Warehouse_NYC,New York,DHL,2/14/2023,2/19/2023,27.2,334.23,Delivered,2033,5,12.28786765,0.164402361,OK,,
SH10287,Warehouse_DEN,Minneapolis,DHL,9/19/2023,9/23/2023,75.9,251.01,Delivered,939,4,3.307114625,0.267316294,OK,,
SH10288,Warehouse_DEN,Detroit,UPS,6/14/2023,6/16/2023,24.5,142.73,Delivered,926,2,5.825714286,0.154136069,OK,,
SH10289,Warehouse_HOU,Los Angeles,OnTrac,7/19/2023,7/25/2023,38.5,330.97,Delivered,2444,6,8.596623377,0.13542144,OK,,
SH10290,Warehouse_LA,Dallas,OnTrac,11/9/2023,11/13/2023,10.6,235.34,Delivered,1435,4,22.20188679,0.164,Flag,,
SH10291,Warehouse_HOU,Detroit,Amazon Logistics,3/7/2023,3/12/2023,10.1,231.81,Lost,1875,5,22.95148515,0.123632,Flag,,
SH10292,Warehouse_LA,New York,FedEx,5/28/2023,6/2/2023,18.4,302.47,Delivered,2280,5,16.43858696,0.132662281,OK,,
SH10293,Warehouse_MIA,Phoenix,DHL,11/16/2023,11/20/2023,16.7,341.36,Delivered,1808,4,20.44071856,0.18880531,OK,,
SH10294,Warehouse_DEN,Atlanta,UPS,5/30/2023,6/4/2023,4.1,237.12,Delivered,1790,5,57.83414634,0.132469274,Flag,,
SH10295,Warehouse_MIA,New York,OnTrac,4/22/2023,4/26/2023,5.2,127.1,Delivered,1049,4,24.44230769,0.121163012,Flag,,
SH10296,Warehouse_SEA,Boston,LaserShip,3/5/2023,3/18/2023,23.7,82.89,Delayed,461,6,3.497468354,0.179804772,OK,,
SH10297,Warehouse_HOU,Portland,FedEx,7/28/2023,8/2/2023,21.8,204.43,Delivered,1218,5,9.377522936,0.167840722,OK,,
SH10298,Warehouse_LA,Los Angeles,USPS,5/24/2023,5/30/2023,20,255.06,Delivered,2144,6,12.753,0.118964552,OK,,
SH10299,Warehouse_SEA,Boston,LaserShip,11/20/2023,11/24/2023,12.7,261.22,Delivered,1547,4,20.56850394,0.16885585,OK,,
SH10300,Warehouse_HOU,Dallas,DHL,6/29/2023,7/1/2023,22.8,76.07,Delivered,370,2,3.336403509,0.205594595,OK,,
SH10301,Warehouse_SEA,Boston,DHL,6/21/2023,6/30/2023,12.6,332.46,Delivered,2400,9,26.38571429,0.138525,Flag,,
SH10302,Warehouse_SEA,Atlanta,UPS,9/16/2023,9/20/2023,25,203.15,Delivered,1477,4,8.126,0.137542316,OK,,
SH10303,Warehouse_DEN,Boston,DHL,12/5/2023,12/10/2023,30.5,464.17,Delivered,2363,5,15.21868852,0.196432501,OK,,
SH10304,Warehouse_SF,New York,Amazon Logistics,12/6/2023,12/11/2023,20.6,246.74,Delivered,1442,5,11.9776699,0.17110957,OK,,
SH10305,Warehouse_CHI,Denver,OnTrac,8/11/2023,8/17/2023,46.9,188.95,Delayed,1000,2,4.028784648,0.18895,OK,,
SH10306,Warehouse_CHI,Portland,LaserShip,2/27/2023,2/28/2023,30.2,71.67,Delivered,290,1,2.373178808,0.247137931,OK,,
SH10307,Warehouse_DEN,Minneapolis,LaserShip,2/21/2023,2/25/2023,17.2,133.74,Delivered,888,4,7.775581395,0.150608108,OK,,
SH10308,Warehouse_HOU,New York,DHL,3/15/2023,3/21/2023,14.4,391.92,Delivered,2448,6,27.21666667,0.160098039,Flag,,
SH10309,Warehouse_DEN,Phoenix,Amazon Logistics,11/10/2023,11/22/2023,36.5,109.9,Delayed,385,2,3.010958904,0.285454545,OK,,
SH10310,Warehouse_SF,Boston,Amazon Logistics,3/29/2023,4/9/2023,17.5,198,Delayed,1539,4,11.31428571,0.128654971,OK,,
SH10311,Warehouse_LA,Dallas,LaserShip,7/21/2023,7/27/2023,60.6,242.49,Delivered,1435,6,4.001485149,0.168982578,OK,,
SH10312,Warehouse_ATL,Minneapolis,Amazon Logistics,6/22/2023,6/27/2023,8.3,208.92,Delivered,1713,5,25.17108434,0.121961471,Flag,,
SH10313,Warehouse_ATL,Seattle,Amazon Logistics,12/19/2023,12/21/2023,20.4,44.83,Lost,135,2,2.19754902,0.332074074,OK,,
SH10314,Warehouse_CHI,Portland,DHL,10/28/2023,11/1/2023,37.9,100.86,Delivered,305,4,2.66121372,0.330688525,OK,,
SH10315,Warehouse_DEN,New York,FedEx,6/1/2023,6/6/2023,16.2,301.84,In Transit,2209,5,18.63209877,0.136641014,OK,,
SH10316,Warehouse_CHI,Denver,USPS,1/1/2023,1/7/2023,23.8,128.01,Delivered,1000,6,5.378571429,0.12801,OK,,
SH10317,Warehouse_BOS,Boston,OnTrac,9/10/2023,9/19/2023,15.9,284.07,Delivered,2374,9,17.86603774,0.119658804,OK,,
SH10318,Warehouse_HOU,Los Angeles,OnTrac,11/26/2023,12/16/2023,77.8,413.72,Delayed,2313,10,5.317737789,0.178867272,OK,,
SH10319,Warehouse_CHI,Detroit,USPS,3/22/2023,3/26/2023,8.1,41.68,Delivered,283,4,5.145679012,0.147279152,OK,,
SH10320,Warehouse_BOS,Minneapolis,OnTrac,10/16/2023,10/21/2023,52.1,282.08,Delivered,1861,5,5.414203455,0.151574422,OK,,
SH10321,Warehouse_DEN,Houston,LaserShip,9/27/2023,,6.9,53.22,Delivered,424,2,7.713043478,0.125518868,OK,,
SH10322,Warehouse_LA,Phoenix,Amazon Logistics,1/11/2023,1/17/2023,22.6,76.63,Delayed,373,5,3.390707965,0.205442359,OK,,
SH10323,Warehouse_ATL,Phoenix,USPS,9/18/2023,9/23/2023,31.9,207.32,Delivered,1520,5,6.499059561,0.136394737,OK,,
SH10324,Warehouse_BOS,Miami,FedEx,10/23/2023,10/27/2023,45.9,89.19,Delivered,247,4,1.943137255,0.361093117,OK,,
SH10325,Warehouse_ATL,Houston,FedEx,7/26/2023,7/30/2023,14.9,112.48,Delivered,789,4,7.548993289,0.142560203,OK,,
SH10326,Warehouse_CHI,Denver,Amazon Logistics,2/5/2023,2/9/2023,27.6,165.2,Delivered,1000,4,5.985507246,0.1652,OK,,
SH10327,Warehouse_HOU,Atlanta,DHL,3/25/2023,3/27/2023,8.3,128.12,Delivered,800,2,15.43614458,0.16015,OK,,
SH10328,Warehouse_ATL,Chicago,DHL,10/27/2023,11/1/2023,41.8,174.68,Delivered,773,5,4.178947368,0.225976714,OK,,
SH10329,Warehouse_DEN,Seattle,Amazon Logistics,7/4/2023,7/9/2023,10.7,219.9,Lost,1857,5,20.55140187,0.118416801,OK,,
SH10330,Warehouse_MIA,Detroit,Amazon Logistics,7/10/2023,7/13/2023,8.3,154.62,Delivered,1155,3,18.62891566,0.13387013,OK,,
SH10331,Warehouse_NYC,Houston,UPS,6/3/2023,6/7/2023,67.9,253.84,Delivered,1154,4,3.738438881,0.219965338,OK,,
SH10332,Warehouse_MIA,Denver,UPS,11/7/2023,11/11/2023,10.3,233.37,Delivered,1477,4,22.65728155,0.158002708,Flag,,
SH10333,Warehouse_NYC,Houston,OnTrac,1/30/2023,2/3/2023,22.7,218.75,Delivered,1541,4,9.636563877,0.141953277,OK,,
SH10334,Warehouse_LA,Miami,DHL,11/7/2023,11/10/2023,19,127.07,Delivered,622,3,6.687894737,0.204292605,OK,,
SH10335,Warehouse_BOS,Minneapolis,Amazon Logistics,4/24/2023,4/26/2023,43.4,,Delivered,844,2,0,0,OK,,
SH10336,Warehouse_SEA,Phoenix,Amazon Logistics,4/27/2023,4/30/2023,12.7,192.88,Delivered,1608,3,15.18740157,0.119950249,OK,,
SH10337,Warehouse_SEA,Atlanta,UPS,1/10/2023,1/14/2023,45.3,240.32,Delivered,1324,4,5.305077263,0.181510574,OK,,
SH10338,Warehouse_CHI,Portland,UPS,8/17/2023,8/22/2023,12.3,310.02,Delivered,2328,5,25.20487805,0.133170103,Flag,,
SH10339,Warehouse_SF,Detroit,USPS,10/10/2023,10/15/2023,52.2,253.33,Delayed,1608,4,4.853065134,0.157543532,OK,,
SH10340,Warehouse_ATL,Phoenix,UPS,1/12/2023,1/21/2023,8.4,280.39,Delivered,2388,9,33.3797619,0.117416248,Flag,,
SH10341,Warehouse_HOU,Chicago,Amazon Logistics,7/12/2023,7/15/2023,13.9,136.58,Delivered,1028,3,9.825899281,0.132859922,OK,,
SH10342,Warehouse_LA,Atlanta,LaserShip,1/20/2023,1/29/2023,41,278.39,Delayed,2061,5,6.79,0.135075206,OK,,
SH10343,Warehouse_LA,Chicago,USPS,10/14/2023,10/19/2023,26.1,232.56,Delivered,1772,5,8.910344828,0.131241535,OK,,
SH10344,Warehouse_LA,Chicago,USPS,10/20/2023,10/24/2023,26.2,210.07,Delivered,1707,4,8.017938931,0.123063855,OK,,
SH10345,Warehouse_SEA,Detroit,USPS,2/14/2023,1/15/2023,47.6,135.78,Delayed,636,1,2.852521008,0.213490566,OK,,
SH10346,Warehouse_SF,Houston,FedEx,11/6/2023,11/16/2023,10.8,349.56,In Transit,1953,10,32.36666667,0.178986175,Flag,,
SH10347,Warehouse_NYC,Detroit,USPS,10/28/2023,11/2/2023,42.4,192.86,Delivered,1319,5,4.548584906,0.146216831,OK,,
SH10348,Warehouse_DEN,Boston,OnTrac,12/17/2023,,8.2,69.79,Delivered,383,2,8.51097561,0.182219321,OK,,
SH10349,Warehouse_SEA,Houston,UPS,9/1/2023,9/4/2023,26.1,75.76,Delivered,325,3,2.902681992,0.233107692,OK,,
SH10350,Warehouse_SF,Portland,UPS,4/3/2023,4/5/2023,21.1,73.7,Delivered,347,2,3.492890995,0.212391931,OK,,
SH10351,Warehouse_SF,Portland,Amazon Logistics,6/23/2023,6/25/2023,15.7,87.18,Delivered,509,2,5.552866242,0.171277014,OK,,
SH10352,Warehouse_SEA,Minneapolis,OnTrac,12/16/2023,12/18/2023,14.3,88.22,Delivered,421,2,6.169230769,0.209548694,OK,,
SH10353,Warehouse_HOU,Minneapolis,OnTrac,8/28/2023,9/2/2023,34.3,287.66,Delivered,2065,5,8.386588921,0.139302663,OK,,
SH10354,Warehouse_CHI,Los Angeles,UPS,5/13/2023,5/20/2023,13.7,341.16,Delivered,2361,7,24.90218978,0.144498094,Flag,,
SH10355,Warehouse_MIA,San Francisco,DHL,12/28/2023,1/1/2024,31.2,274.73,Delivered,1415,4,8.805448718,0.194155477,OK,,
SH10356,Warehouse_SF,Detroit,LaserShip,11/19/2023,11/24/2023,18.7,270.75,Delivered,1679,5,14.47860963,0.1612567,OK,,
SH10357,Warehouse_SF,Boston,DHL,9/5/2023,9/8/2023,30,187.33,Delivered,1180,3,6.244333333,0.158754237,OK,,
SH10358,Warehouse_SEA,Dallas,USPS,2/10/2023,2/13/2023,20.7,201.34,Delivered,1515,3,9.726570048,0.13289769,OK,,
SH10359,Warehouse_CHI,Detroit,Amazon Logistics,11/10/2023,11/12/2023,27.2,87.22,Delivered,283,2,3.206617647,0.30819788,OK,,
SH10360,Warehouse_MIA,Phoenix,UPS,2/24/2023,3/4/2023,10.6,78.78,Delayed,517,2,7.432075472,0.15237911,OK,,
SH10361,Warehouse_DEN,Minneapolis,Amazon Logistics,3/21/2023,3/24/2023,6.9,23.19,Delivered,140,3,3.360869565,0.165642857,OK,,
SH10362,Warehouse_SEA,Los Angeles,FedEx,9/23/2023,9/29/2023,17.1,309.74,Delivered,2081,6,18.11345029,0.148841903,OK,,
SH10363,Warehouse_DEN,Los Angeles,UPS,6/9/2023,6/15/2023,33.1,283.18,Delivered,1885,6,8.555287009,0.150228117,OK,,
SH10364,Warehouse_SF,Portland,OnTrac,8/25/2023,8/27/2023,18.7,90.94,Delivered,604,2,4.863101604,0.150562914,OK,,
SH10365,Warehouse_SF,Portland,DHL,6/6/2023,6/10/2023,21.1,141.98,Delivered,847,4,6.728909953,0.167626919,OK,,
SH10366,Warehouse_BOS,Boston,FedEx,12/12/2023,12/23/2023,55.1,474.36,Delayed,2247,6,8.60907441,0.211108144,OK,,
SH10367,Warehouse_SF,Chicago,OnTrac,4/25/2023,5/1/2023,14.6,293.83,Delivered,2420,6,20.12534247,0.121417355,OK,,
SH10368,Warehouse_MIA,Denver,FedEx,3/20/2023,3/26/2023,20.5,315.46,Delivered,2294,6,15.38829268,0.137515257,OK,,
SH10369,Warehouse_SEA,Atlanta,DHL,4/14/2023,4/19/2023,16.8,303.11,Delivered,2091,5,18.0422619,0.14495935,OK,,
SH10370,Warehouse_BOS,Los Angeles,OnTrac,3/19/2023,3/23/2023,31.2,206.1,Delivered,1358,4,6.605769231,0.151767305,OK,,
SH10371,Warehouse_SF,Los Angeles,FedEx,9/27/2023,9/29/2023,16,87.01,Returned,484,2,5.438125,0.179772727,OK,,
SH10372,Warehouse_MIA,Miami,FedEx,11/16/2023,11/17/2023,11,122.5,Delivered,675,1,11.13636364,0.181481481,OK,,
SH10373,Warehouse_ATL,Detroit,USPS,6/9/2023,6/15/2023,37.9,236.61,Delivered,1884,6,6.243007916,0.125589172,OK,,
SH10374,Warehouse_MIA,Chicago,FedEx,8/12/2023,8/17/2023,21.8,299.4,Delivered,2196,5,13.73394495,0.136338798,OK,,
SH10375,Warehouse_CHI,Atlanta,USPS,4/26/2023,5/2/2023,6,253.02,Delivered,2325,6,42.17,0.108825806,Flag,,
SH10376,Warehouse_LA,Boston,USPS,7/9/2023,7/12/2023,37.9,171.78,In Transit,1014,3,4.532453826,0.169408284,OK,,
SH10377,Warehouse_BOS,Dallas,UPS,2/10/2023,2/15/2023,14.8,286.7,Delivered,2050,5,19.37162162,0.139853659,OK,,
SH10378,Warehouse_DEN,Dallas,UPS,7/28/2023,8/3/2023,9.1,75.28,Delayed,474,5,8.272527473,0.158818565,OK,,
SH10379,Warehouse_ATL,Los Angeles,OnTrac,9/26/2023,9/27/2023,9.5,77.13,Delivered,498,1,8.118947368,0.154879518,OK,,
SH10380,Warehouse_BOS,Portland,OnTrac,11/19/2023,11/23/2023,33.6,291.85,Delivered,1512,4,8.686011905,0.193022487,OK,,
SH10381,Warehouse_MIA,Atlanta,USPS,11/7/2023,11/12/2023,40.3,206.28,Delivered,1076,5,5.118610422,0.191710037,OK,,
SH10382,Warehouse_NYC,Portland,OnTrac,3/24/2023,3/27/2023,15,141.6,Delivered,1115,3,9.44,0.126995516,OK,,
SH10383,Warehouse_SF,Chicago,LaserShip,9/14/2023,9/16/2023,75.4,109.7,Delivered,242,2,1.454907162,0.453305785,OK,,
SH10384,Warehouse_LA,Detroit,USPS,12/23/2023,12/24/2023,6.4,78.84,Delivered,534,1,12.31875,0.147640449,OK,,
SH10385,Warehouse_CHI,San Francisco,OnTrac,8/16/2023,8/22/2023,44.4,179.93,Delivered,1059,6,4.052477477,0.169905571,OK,,
SH10386,Warehouse_SF,Minneapolis,Amazon Logistics,6/27/2023,7/2/2023,11.7,140.32,Delivered,1060,5,11.99316239,0.132377358,OK,,
SH10387,Warehouse_HOU,Los Angeles,UPS,3/3/2023,3/8/2023,24.4,326.92,Delivered,2330,5,13.39836066,0.140309013,OK,,
SH10388,Warehouse_DEN,Chicago,FedEx,9/21/2023,9/26/2023,20.9,268.01,Delivered,1867,5,12.82344498,0.143551152,OK,,
SH10389,Warehouse_MIA,Boston,OnTrac,9/3/2023,9/11/2023,17.7,,Delivered,2465,8,0,0,OK,,
SH10390,Warehouse_SEA,Dallas,UPS,6/15/2023,6/21/2023,9.2,286.15,Delivered,2096,6,31.10326087,0.136521947,Flag,,
SH10391,Warehouse_LA,San Francisco,Amazon Logistics,8/12/2023,8/19/2023,32.4,332.08,Delivered,2409,7,10.24938272,0.13784973,OK,,
SH10392,Warehouse_SF,Boston,FedEx,1/27/2023,1/30/2023,110.9,283.94,Delivered,1032,3,2.560324617,0.275135659,OK,,
SH10393,Warehouse_NYC,Atlanta,FedEx,8/7/2023,8/9/2023,50.4,175.48,Delivered,870,2,3.481746032,0.201701149,OK,,
SH10394,Warehouse_LA,Portland,FedEx,6/1/2023,6/7/2023,54.4,284.26,Delivered,1616,6,5.225367647,0.175903465,OK,,
SH10395,Warehouse_SEA,Dallas,DHL,3/5/2023,3/17/2023,34.5,233.71,Delayed,1366,4,6.774202899,0.171090776,OK,,
SH10396,Warehouse_LA,Denver,UPS,4/9/2023,4/15/2023,9.5,228.41,Delivered,1802,6,24.04315789,0.126753607,Flag,,
SH10397,Warehouse_ATL,Detroit,Amazon Logistics,6/14/2023,5/15/2023,58,90.41,Delivered,196,2,1.558793103,0.46127551,OK,,
SH10398,Warehouse_BOS,Atlanta,OnTrac,12/18/2023,12/25/2023,10.8,400.75,Delivered,2425,7,37.10648148,0.165257732,Flag,,
SH10399,Warehouse_SEA,Atlanta,OnTrac,3/10/2023,3/14/2023,26,222.33,Delivered,1641,4,8.551153846,0.135484461,OK,,
SH10400,Warehouse_ATL,San Francisco,Amazon Logistics,12/1/2023,12/6/2023,6.5,28.34,Lost,129,2,4.36,0.219689922,OK,,
SH10401,Warehouse_ATL,Portland,LaserShip,10/28/2023,11/1/2023,6.9,194.18,Delivered,1649,4,28.14202899,0.117756216,Flag,,
SH10402,Warehouse_MIA,Boston,DHL,2/12/2023,3/4/2023,29.5,224.76,Delayed,1289,8,7.618983051,0.174367727,OK,,
SH10403,Warehouse_NYC,Dallas,LaserShip,12/17/2023,12/18/2023,12.7,56.43,Delivered,273,1,4.443307087,0.206703297,OK,,
SH10404,Warehouse_HOU,Miami,UPS,7/11/2023,7/14/2023,29.1,160.14,Delivered,940,3,5.503092784,0.170361702,OK,,
SH10405,Warehouse_ATL,Detroit,USPS,11/24/2023,11/28/2023,34.7,329.19,Delivered,1913,4,9.486743516,0.172080502,OK,,
SH10406,Warehouse_LA,San Francisco,LaserShip,6/27/2023,6/28/2023,13.3,42.44,Delivered,252,1,3.190977444,0.168412698,OK,,
SH10407,Warehouse_MIA,Phoenix,OnTrac,7/17/2023,7/20/2023,29.3,136.26,In Transit,919,3,4.650511945,0.148269859,OK,,
SH10408,Warehouse_CHI,Atlanta,OnTrac,12/2/2023,12/7/2023,9.6,154.66,Delivered,1040,5,16.11041667,0.148711538,OK,,
SH10409,Warehouse_BOS,New York,FedEx,5/5/2023,5/11/2023,6.3,267.55,Delivered,2108,6,42.46825397,0.126921252,Flag,,
SH10410,Warehouse_SF,Phoenix,LaserShip,10/3/2023,10/7/2023,15.6,95.5,Delivered,627,4,6.121794872,0.1523126,OK,,
SH10411,Warehouse_SEA,Houston,FedEx,4/21/2023,4/22/2023,8.6,33.61,Lost,178,1,3.908139535,0.188820225,OK,,
SH10412,Warehouse_MIA,Denver,USPS,8/31/2023,9/2/2023,34.1,114.04,Delivered,616,2,3.344281525,0.18512987,OK,,
SH10413,Warehouse_HOU,Atlanta,OnTrac,2/18/2023,2/20/2023,21.1,109.65,Delivered,800,2,5.196682464,0.1370625,OK,,
SH10414,Warehouse_LA,Dallas,Amazon Logistics,6/14/2023,6/18/2023,33.8,204.1,Delivered,1435,4,6.038461538,0.142229965,OK,,
SH10415,Warehouse_ATL,Minneapolis,Amazon Logistics,4/25/2023,5/1/2023,331.7,242.34,Delivered,1727,6,0.73059994,0.140324262,OK,,
SH10416,Warehouse_HOU,Chicago,DHL,9/22/2023,9/26/2023,9.5,271.59,Delivered,2007,4,28.58842105,0.135321375,Flag,,
SH10417,Warehouse_NYC,Dallas,LaserShip,6/6/2023,6/14/2023,21.6,221.42,Delayed,1619,4,10.25092593,0.136763434,OK,,
SH10418,Warehouse_ATL,Chicago,DHL,1/18/2023,1/25/2023,10,360.44,Delivered,2344,7,36.044,0.153771331,Flag,,
SH10419,Warehouse_MIA,Dallas,OnTrac,12/4/2023,11/4/2023,7.8,330.04,Delivered,2242,5,42.31282051,0.14720785,Flag,,
SH10420,Warehouse_MIA,Houston,OnTrac,8/28/2023,9/1/2023,26.8,190.03,In Transit,1346,4,7.090671642,0.141181278,OK,,
SH10421,Warehouse_NYC,Miami,UPS,3/17/2023,3/18/2023,36.3,77.48,Delivered,283,1,2.134435262,0.273780919,OK,,
SH10422,Warehouse_DEN,Los Angeles,LaserShip,5/20/2023,5/24/2023,7.1,26.87,In Transit,164,4,3.784507042,0.163841463,OK,,
SH10423,Warehouse_SF,Boston,Amazon Logistics,1/4/2023,1/11/2023,14.6,188.17,Delivered,1324,7,12.88835616,0.142122356,OK,,
SH10424,Warehouse_MIA,Minneapolis,FedEx,12/9/2023,12/14/2023,8.8,157.81,Delayed,849,2,17.93295455,0.185877503,OK,,
SH10425,Warehouse_ATL,Denver,LaserShip,8/4/2023,8/5/2023,5.9,30.32,Delivered,212,1,5.138983051,0.143018868,OK,,
SH10426,Warehouse_SEA,Denver,FedEx,2/21/2023,2/27/2023,11.1,139.42,Delivered,1035,6,12.56036036,0.134705314,OK,,
SH10427,Warehouse_LA,Phoenix,USPS,6/13/2023,6/14/2023,1062.2,51.54,Delivered,373,1,0.048521936,0.138176944,OK,,
SH10428,Warehouse_ATL,Atlanta,USPS,9/16/2023,9/19/2023,58.9,136.22,Delivered,569,3,2.312733447,0.23940246,OK,,
SH10429,Warehouse_NYC,Detroit,OnTrac,8/21/2023,8/30/2023,36.6,311.84,In Transit,2250,9,8.520218579,0.138595556,OK,,
SH10430,Warehouse_DEN,Seattle,OnTrac,4/23/2023,4/28/2023,23,166.87,Delivered,1171,5,7.255217391,0.142502135,OK,,
SH10431,Warehouse_HOU,New York,DHL,2/9/2023,2/12/2023,23,94.01,Delivered,462,3,4.087391304,0.203484848,OK,,
SH10432,Warehouse_HOU,San Francisco,FedEx,5/8/2023,5/12/2023,18.5,232.87,Delivered,1761,4,12.58756757,0.132237365,OK,,
SH10433,Warehouse_HOU,Minneapolis,DHL,1/31/2023,2/2/2023,16.8,118.63,Delivered,658,2,7.061309524,0.180288754,OK,,
SH10434,Warehouse_HOU,Phoenix,DHL,10/20/2023,10/23/2023,14.2,161.26,Delivered,978,3,11.35633803,0.164887526,OK,,
SH10435,Warehouse_CHI,Phoenix,DHL,1/22/2023,1/25/2023,45.1,238.38,Delivered,1349,3,5.285587583,0.176708673,OK,,
SH10436,Warehouse_ATL,Houston,Amazon Logistics,3/29/2023,3/30/2023,19,77.14,Delivered,483,1,4.06,0.159710145,OK,,
SH10437,Warehouse_DEN,Houston,FedEx,4/14/2023,4/21/2023,9.9,256.92,Delivered,1707,7,25.95151515,0.150509666,Flag,,
SH10438,Warehouse_ATL,Dallas,USPS,9/25/2023,9/30/2023,46.2,329.57,Delivered,2333,5,7.133549784,0.141264466,OK,,
SH10439,Warehouse_NYC,Chicago,LaserShip,12/4/2023,12/6/2023,10.2,120.04,Delivered,790,2,11.76862745,0.151949367,OK,,
SH10440,Warehouse_CHI,San Francisco,DHL,4/3/2023,4/11/2023,5.2,216.66,Delivered,1605,8,41.66538462,0.134990654,Flag,,
SH10441,Warehouse_SF,Seattle,UPS,11/1/2023,11/5/2023,26,183.17,Delivered,1019,4,7.045,0.179754661,OK,,
SH10442,Warehouse_NYC,San Francisco,USPS,9/16/2023,9/20/2023,13.2,256.53,Delivered,1945,4,19.43409091,0.131892031,OK,,
SH10443,Warehouse_HOU,Phoenix,Amazon Logistics,4/1/2023,4/3/2023,55.5,169.22,Delivered,804,2,3.049009009,0.210472637,OK,,
SH10444,Warehouse_LA,Dallas,Amazon Logistics,9/17/2023,9/23/2023,23.9,188.32,Delivered,1435,6,7.879497908,0.131233449,OK,,
SH10445,Warehouse_HOU,Phoenix,Amazon Logistics,4/10/2023,4/13/2023,31.6,152.35,In Transit,1081,3,4.821202532,0.14093432,OK,,
SH10446,Warehouse_SEA,Seattle,FedEx,11/29/2023,12/5/2023,34,234.67,Delivered,1211,6,6.902058824,0.193781998,OK,,
SH10447,Warehouse_HOU,Los Angeles,DHL,7/28/2023,,29.3,171.21,Delivered,916,4,5.84334471,0.18691048,OK,,
SH10448,Warehouse_BOS,Chicago,USPS,4/14/2023,4/18/2023,87.5,322.09,Delivered,1941,4,3.681028571,0.165940237,OK,,
SH10449,Warehouse_CHI,Houston,OnTrac,9/29/2023,10/4/2023,6.6,211.32,Delivered,1560,5,32.01818182,0.135461538,Flag,,
SH10450,Warehouse_BOS,Chicago,DHL,9/14/2023,9/19/2023,14.2,279.38,Delivered,1843,5,19.67464789,0.151589799,OK,,
SH10451,Warehouse_SEA,Seattle,OnTrac,3/6/2023,3/14/2023,8.3,274.13,Delivered,2418,8,33.02771084,0.113370554,Flag,,
SH10452,Warehouse_BOS,San Francisco,LaserShip,1/4/2023,1/21/2023,18,271.68,Delayed,2067,5,15.09333333,0.131436865,OK,,
SH10453,Warehouse_NYC,Portland,OnTrac,1/21/2023,1/23/2023,45,124.14,Delivered,568,2,2.758666667,0.218556338,OK,,
SH10454,Warehouse_NYC,San Francisco,FedEx,6/9/2023,6/15/2023,8.1,119.16,Delivered,906,6,14.71111111,0.131523179,OK,,
SH10455,Warehouse_SEA,Houston,USPS,1/18/2023,1/23/2023,16.3,87.95,Delivered,642,5,5.395705521,0.136993769,OK,,
SH10456,Warehouse_CHI,Houston,USPS,11/3/2023,11/8/2023,10.9,281.08,Delivered,1954,5,25.78715596,0.143848516,Flag,,
SH10457,Warehouse_MIA,Boston,FedEx,3/15/2023,3/21/2023,6,311.67,Delivered,2192,6,51.945,0.142185219,Flag,,
SH10458,Warehouse_SF,Denver,UPS,9/15/2023,9/18/2023,33.6,195.61,Delivered,1113,3,5.82172619,0.175750225,OK,,
SH10459,Warehouse_SF,Detroit,DHL,2/17/2023,2/25/2023,11.8,283.34,Delivered,1837,8,24.01186441,0.15424061,Flag,,
SH10460,Warehouse_SF,New York,USPS,9/18/2023,9/19/2023,68.9,,Delivered,447,1,0,0,OK,,
SH10461,Warehouse_LA,Minneapolis,FedEx,8/16/2023,8/17/2023,21.4,49.49,Delivered,162,1,2.312616822,0.305493827,OK,,
SH10462,Warehouse_SEA,Minneapolis,USPS,2/27/2023,3/5/2023,31.3,308.28,Delivered,2454,6,9.849201278,0.125623472,OK,,
SH10463,Warehouse_HOU,Dallas,LaserShip,10/25/2023,10/27/2023,38.9,114.76,Delivered,603,2,2.950128535,0.190315091,OK,,
SH10464,Warehouse_BOS,Chicago,LaserShip,12/9/2023,12/13/2023,29,228.35,Delivered,1340,4,7.874137931,0.170410448,OK,,
SH10465,Warehouse_SF,Phoenix,USPS,7/16/2023,7/20/2023,39.6,270.85,Delivered,1963,4,6.839646465,0.137977585,OK,,
SH10466,Warehouse_LA,New York,LaserShip,5/3/2023,5/8/2023,11.8,270.13,Delivered,2254,5,22.89237288,0.11984472,Flag,,
SH10467,Warehouse_SF,Dallas,USPS,11/19/2023,11/22/2023,15.7,121.5,In Transit,664,3,7.738853503,0.182981928,OK,,
SH10468,Warehouse_LA,Dallas,USPS,2/19/2023,2/23/2023,45.3,195.45,Delivered,1435,4,4.314569536,0.136202091,OK,,
SH10469,Warehouse_LA,Dallas,DHL,8/28/2023,9/3/2023,19.7,244.45,Delivered,1435,6,12.40862944,0.170348432,OK,,
SH10470,Warehouse_CHI,Houston,UPS,4/21/2023,,8.7,35.59,Delayed,195,1,4.090804598,0.182512821,OK,,
SH10471,Warehouse_MIA,Los Angeles,LaserShip,10/16/2023,10/22/2023,10.5,133.36,Delivered,1072,6,12.70095238,0.124402985,OK,,
SH10472,Warehouse_HOU,Denver,DHL,12/17/2023,12/20/2023,52.6,258.14,Delivered,1030,3,4.907604563,0.250621359,OK,,
SH10473,Warehouse_MIA,Atlanta,FedEx,6/4/2023,6/9/2023,27.7,237.6,Delivered,1363,5,8.577617329,0.17432135,OK,,
SH10474,Warehouse_NYC,Minneapolis,USPS,4/25/2023,4/27/2023,29.6,84.55,Lost,515,2,2.856418919,0.164174757,OK,,
SH10475,Warehouse_SEA,Detroit,OnTrac,9/3/2023,9/6/2023,10.8,48.75,Delivered,262,3,4.513888889,0.186068702,OK,,
SH10476,Warehouse_SEA,New York,Amazon Logistics,2/19/2023,2/23/2023,10.6,217.45,Delivered,1866,4,20.51415094,0.11653269,OK,,
SH10477,Warehouse_CHI,Phoenix,DHL,12/20/2023,1/6/2024,17.9,373.8,Delayed,1998,5,20.88268156,0.187087087,Flag,,
SH10478,Warehouse_DEN,Chicago,UPS,7/16/2023,7/21/2023,14.8,182.07,Delivered,1304,5,12.30202703,0.139624233,OK,,
SH10479,Warehouse_SEA,Dallas,UPS,4/19/2023,4/21/2023,11.9,41.55,Delivered,187,2,3.491596639,0.222192513,OK,,
SH10480,Warehouse_LA,Chicago,USPS,3/31/2023,4/5/2023,26.7,209.87,Delivered,1486,5,7.860299625,0.141231494,OK,,
SH10481,Warehouse_SF,New York,Amazon Logistics,1/8/2023,1/12/2023,7.7,170.97,Delivered,1468,4,22.2038961,0.116464578,Flag,,
SH10482,Warehouse_CHI,Seattle,Amazon Logistics,3/27/2023,4/1/2023,17.8,323.01,Delivered,2283,5,18.14662921,0.141484888,OK,,
SH10483,Warehouse_SF,Houston,UPS,1/19/2023,1/23/2023,57.6,346.17,Delivered,1950,4,6.009895833,0.177523077,OK,,
SH10484,Warehouse_MIA,Detroit,LaserShip,8/24/2023,9/2/2023,13.4,31.36,Delayed,119,2,2.340298507,0.263529412,OK,,
SH10485,Warehouse_MIA,Chicago,LaserShip,3/7/2023,3/10/2023,11.5,143.87,Delivered,983,3,12.51043478,0.146358087,OK,,
SH10486,Warehouse_DEN,Los Angeles,USPS,2/18/2023,2/20/2023,18.6,64.53,Lost,344,2,3.469354839,0.187587209,OK,,
SH10487,Warehouse_BOS,Detroit,Amazon Logistics,8/23/2023,8/28/2023,26.8,280.97,Delivered,1996,5,10.48395522,0.140766533,OK,,
SH10488,Warehouse_DEN,Los Angeles,OnTrac,6/25/2023,7/1/2023,8.6,219.42,Delayed,1671,5,25.51395349,0.131310592,Flag,,
SH10489,Warehouse_NYC,Miami,FedEx,12/22/2023,12/26/2023,53.2,204.86,Delivered,829,4,3.85075188,0.247117008,OK,,
SH10490,Warehouse_SF,Los Angeles,Amazon Logistics,8/31/2023,9/6/2023,14.9,186.3,Delivered,1508,6,12.5033557,0.123541114,OK,,
SH10491,Warehouse_LA,Boston,DHL,6/17/2023,6/20/2023,59.4,316.73,Delivered,1504,3,5.332154882,0.210591755,OK,,
SH10492,Warehouse_CHI,Seattle,USPS,6/9/2023,6/13/2023,16.9,213.15,Delivered,1844,4,12.61242604,0.115591106,OK,,
SH10493,Warehouse_HOU,Denver,FedEx,2/6/2023,2/10/2023,13.4,139.6,Delivered,1030,4,10.41791045,0.135533981,OK,,
SH10494,Warehouse_SEA,New York,DHL,8/30/2023,9/1/2023,11.4,65.29,Delivered,319,2,5.727192982,0.204670846,OK,,
SH10495,Warehouse_SEA,Chicago,DHL,4/18/2023,4/24/2023,10.8,256.45,Delivered,1635,6,23.74537037,0.156850153,Flag,,
SH10496,Warehouse_MIA,Denver,FedEx,9/3/2023,9/6/2023,68.5,235.28,Delivered,1058,3,3.434744526,0.222381853,OK,,
SH10497,Warehouse_MIA,Denver,FedEx,1/2/2023,1/3/2023,22.1,69.52,Delivered,309,1,3.145701357,0.224983819,OK,,
SH10498,Warehouse_DEN,Houston,Amazon Logistics,12/28/2023,12/30/2023,9,149.84,Delivered,1002,2,16.64888889,0.149540918,OK,,
SH10499,Warehouse_SF,Denver,DHL,9/28/2023,9/30/2023,10.7,51.05,Delivered,295,2,4.771028037,0.173050847,OK,,
SH10500,Warehouse_ATL,Seattle,UPS,8/10/2023,8/15/2023,4.4,316.41,Delivered,2252,5,71.91136364,0.140501776,Flag,,
SH10501,Warehouse_LA,Seattle,UPS,7/16/2023,7/21/2023,39,195.48,Delivered,1135,5,5.012307692,0.172229075,OK,,
SH10502,Warehouse_LA,Los Angeles,Amazon Logistics,6/27/2023,7/3/2023,15.9,331.92,Delivered,2378,6,20.8754717,0.139579479,Flag,,
SH10503,Warehouse_SEA,Minneapolis,USPS,11/30/2023,12/4/2023,10.3,227.04,Delivered,1473,4,22.04271845,0.15413442,Flag,,
SH10504,Warehouse_MIA,Detroit,LaserShip,12/28/2023,1/1/2024,26.9,260.4,Delivered,1433,4,9.680297398,0.181716678,OK,,
SH10505,Warehouse_MIA,Houston,FedEx,10/20/2023,10/22/2023,51.6,103.41,Delivered,239,2,2.004069767,0.432677824,OK,,
SH10506,Warehouse_ATL,Atlanta,UPS,9/13/2023,9/18/2023,8.9,298.41,Delivered,2461,5,33.52921348,0.121255587,Flag,,
SH10507,Warehouse_NYC,Miami,DHL,11/30/2023,12/5/2023,12.5,283.78,Delivered,1588,5,22.7024,0.178702771,Flag,,
SH10508,Warehouse_BOS,Denver,USPS,8/30/2023,8/31/2023,9.9,52.96,Delivered,328,1,5.349494949,0.161463415,OK,,
SH10509,Warehouse_BOS,Los Angeles,UPS,9/19/2023,9/24/2023,11.2,306.47,Delivered,2213,5,27.36339286,0.138486218,Flag,,
SH10510,Warehouse_SF,Phoenix,USPS,1/8/2023,1/20/2023,19.8,263.66,Delayed,2186,6,13.31616162,0.120612992,OK,,
SH10511,Warehouse_LA,Denver,FedEx,7/7/2023,7/18/2023,16.5,196.73,Delayed,1228,4,11.9230303,0.160203583,OK,,
SH10512,Warehouse_CHI,Portland,LaserShip,9/3/2023,9/7/2023,12.1,206.41,Delivered,1553,4,17.05867769,0.132910496,OK,,
SH10513,Warehouse_ATL,Los Angeles,OnTrac,3/20/2023,3/24/2023,50.9,224.98,Delivered,1225,4,4.420039293,0.183657143,OK,,
SH10514,Warehouse_ATL,Atlanta,Amazon Logistics,7/20/2023,7/23/2023,20.5,202.83,Delivered,1428,3,9.894146341,0.142037815,OK,,
SH10515,Warehouse_HOU,Portland,LaserShip,12/26/2023,12/27/2023,24.1,79.56,Delivered,267,1,3.301244813,0.297977528,OK,,
SH10516,Warehouse_ATL,Minneapolis,UPS,3/13/2023,3/14/2023,8.9,89.78,Delivered,650,1,10.08764045,0.138123077,OK,,
SH10517,Warehouse_HOU,Boston,USPS,11/27/2023,12/3/2023,80,485.62,Delivered,2479,6,6.07025,0.195893505,OK,,
SH10518,Warehouse_MIA,Houston,UPS,3/30/2023,4/4/2023,15.4,241.05,Delivered,1859,5,15.6525974,0.129666487,OK,,
SH10519,Warehouse_LA,Phoenix,USPS,2/1/2023,2/9/2023,21.4,68.02,Delayed,373,3,3.178504673,0.182359249,OK,,
SH10520,Warehouse_LA,Boston,OnTrac,7/2/2023,7/4/2023,6.6,115.73,Delivered,912,2,17.53484848,0.12689693,OK,,
SH10521,Warehouse_BOS,Atlanta,DHL,6/16/2023,6/18/2023,27.4,98.31,Delivered,490,2,3.587956204,0.200632653,OK,,
SH10522,Warehouse_CHI,Miami,LaserShip,6/15/2023,6/18/2023,20.1,195.91,Delivered,1350,3,9.746766169,0.145118519,OK,,
SH10523,Warehouse_ATL,Portland,Amazon Logistics,4/18/2023,5/2/2023,24.7,221.91,Delayed,1572,6,8.984210526,0.141164122,OK,,
SH10524,Warehouse_ATL,Detroit,Amazon Logistics,11/12/2023,11/16/2023,6.9,213.81,Delivered,1517,4,30.98695652,0.14094265,Flag,,
SH10525,Warehouse_SF,Denver,DHL,7/7/2023,7/11/2023,34.7,304.3,Delivered,1785,4,8.76945245,0.17047619,OK,,
SH10526,Warehouse_SF,Minneapolis,OnTrac,4/24/2023,4/27/2023,20.3,89.33,Delivered,543,3,4.400492611,0.164511971,OK,,
SH10527,Warehouse_LA,Phoenix,OnTrac,2/3/2023,2/6/2023,32.2,83.7,Delivered,373,3,2.599378882,0.224396783,OK,,
SH10528,Warehouse_ATL,San Francisco,OnTrac,6/13/2023,6/16/2023,34.7,183.65,Delivered,1055,3,5.292507205,0.174075829,OK,,
SH10529,Warehouse_MIA,Atlanta,FedEx,7/20/2023,7/26/2023,19.4,323.37,Delivered,2177,6,16.6685567,0.148539274,OK,,
SH10530,Warehouse_NYC,Houston,UPS,11/13/2023,11/18/2023,5.5,248.81,Delivered,1769,5,45.23818182,0.140650085,Flag,,
SH10531,Warehouse_HOU,Boston,Amazon Logistics,10/4/2023,10/7/2023,37.9,186.54,Delivered,1126,3,4.921899736,0.165666075,OK,,
SH10532,Warehouse_LA,Minneapolis,LaserShip,7/15/2023,7/20/2023,36.4,257.54,Delivered,1685,5,7.075274725,0.15284273,OK,,
SH10533,Warehouse_ATL,Dallas,OnTrac,3/1/2023,3/6/2023,31.4,130.31,Delivered,838,5,4.15,0.155501193,OK,,
SH10534,Warehouse_ATL,Miami,OnTrac,3/3/2023,3/9/2023,13.3,236.71,In Transit,2025,6,17.79774436,0.116893827,OK,,
SH10535,Warehouse_NYC,Seattle,LaserShip,4/13/2023,4/14/2023,15.4,33.51,Delivered,121,1,2.175974026,0.276942149,OK,,
SH10536,Warehouse_NYC,Chicago,FedEx,3/25/2023,4/8/2023,11.1,113.5,Delayed,790,4,10.22522523,0.143670886,OK,,
SH10537,Warehouse_ATL,Houston,LaserShip,4/14/2023,4/17/2023,51.4,143.25,Delivered,582,3,2.786964981,0.246134021,OK,,
SH10538,Warehouse_ATL,New York,LaserShip,5/17/2023,5/18/2023,55.6,101.32,Delivered,357,1,1.822302158,0.283809524,OK,,
SH10539,Warehouse_SF,Dallas,Amazon Logistics,3/14/2023,3/18/2023,30.9,151.63,Delivered,961,4,4.907119741,0.157783559,OK,,
SH10540,Warehouse_HOU,Miami,FedEx,6/16/2023,6/23/2023,5.4,187.36,Delivered,1292,7,34.6962963,0.14501548,Flag,,
SH10541,Warehouse_MIA,Los Angeles,FedEx,4/20/2023,4/21/2023,35.4,88.87,Delivered,320,1,2.510451977,0.27771875,OK,,
SH10542,Warehouse_MIA,Atlanta,Amazon Logistics,1/8/2023,1/11/2023,42.8,,Delivered,900,3,0,0,OK,,
SH10543,Warehouse_SEA,Seattle,LaserShip,9/23/2023,9/28/2023,27.5,227.05,Delivered,1611,5,8.256363636,0.140937306,OK,,
SH10544,Warehouse_ATL,Phoenix,LaserShip,10/14/2023,10/19/2023,22.8,184.9,Delivered,1288,5,8.109649123,0.143555901,OK,,
SH10545,Warehouse_SF,Portland,FedEx,1/19/2023,1/23/2023,21.7,139.26,Delivered,896,4,6.417511521,0.155424107,OK,,
SH10546,Warehouse_LA,Boston,UPS,6/25/2023,7/2/2023,37,208.58,Delivered,1452,7,5.637297297,0.143650138,OK,,
SH10547,Warehouse_SF,Dallas,UPS,5/4/2023,5/6/2023,20.1,50.48,In Transit,210,2,2.511442786,0.240380952,OK,,
SH10548,Warehouse_CHI,Portland,FedEx,1/12/2023,1/14/2023,20.8,74.77,Delivered,389,2,3.594711538,0.192210797,OK,,
SH10549,Warehouse_LA,New York,USPS,4/2/2023,4/4/2023,7.4,88.25,Returned,643,2,11.92567568,0.137247278,OK,,
SH10550,Warehouse_ATL,Boston,USPS,8/27/2023,8/29/2023,21.4,109.1,Delivered,838,2,5.098130841,0.130190931,OK,,
SH10551,Warehouse_DEN,Detroit,FedEx,5/12/2023,5/16/2023,20.3,228.9,Delivered,1383,4,11.27586207,0.165509761,OK,,
SH10552,Warehouse_MIA,New York,UPS,5/8/2023,5/11/2023,12.6,32.18,Delivered,121,3,2.553968254,0.265950413,OK,,
SH10553,Warehouse_DEN,Atlanta,DHL,11/21/2023,11/30/2023,17.5,402.56,Delivered,2146,9,23.00342857,0.187586207,Flag,,
SH10554,Warehouse_LA,Boston,LaserShip,11/27/2023,11/28/2023,33,73.97,Delivered,223,1,2.241515152,0.331704036,OK,,
SH10555,Warehouse_MIA,Boston,USPS,7/15/2023,7/18/2023,69.3,244.01,In Transit,1337,3,3.521067821,0.18250561,OK,,
SH10556,Warehouse_HOU,Minneapolis,DHL,9/15/2023,9/20/2023,10.8,200.6,Delivered,1255,5,18.57407407,0.159840637,OK,,
SH10557,Warehouse_BOS,Phoenix,USPS,8/21/2023,8/25/2023,12.9,101.44,In Transit,825,4,7.863565891,0.122957576,OK,,
SH10558,Warehouse_SF,Minneapolis,USPS,9/10/2023,9/14/2023,23.6,229.43,Delivered,1852,4,9.721610169,0.123882289,OK,,
SH10559,Warehouse_SF,Dallas,FedEx,12/21/2023,12/25/2023,41,324.91,Returned,1764,4,7.924634146,0.184189342,OK,,
SH10560,Warehouse_MIA,Phoenix,Amazon Logistics,7/16/2023,7/19/2023,19.5,114.24,Delivered,713,3,5.858461538,0.160224404,OK,,
SH10561,Warehouse_LA,Chicago,UPS,3/24/2023,3/29/2023,17.8,235.64,Delivered,1898,5,13.23820225,0.124151739,OK,,
SH10562,Warehouse_CHI,San Francisco,LaserShip,2/24/2023,2/27/2023,67.5,220.77,Delivered,1083,3,3.270666667,0.203850416,OK,,
SH10563,Warehouse_DEN,Portland,FedEx,12/9/2023,12/13/2023,17.7,320.45,Delivered,1681,4,18.10451977,0.190630577,OK,,
SH10564,Warehouse_ATL,Miami,USPS,11/19/2023,11/22/2023,23.2,208.01,Delivered,1256,3,8.965948276,0.165613057,OK,,
SH10565,Warehouse_BOS,Los Angeles,UPS,6/15/2023,6/22/2023,17.2,251.79,Delivered,1984,7,14.63895349,0.126910282,OK,,
SH10566,Warehouse_MIA,Phoenix,USPS,11/29/2023,12/7/2023,61.6,384.1,Delivered,2445,8,6.23538961,0.157096115,OK,,
SH10567,Warehouse_CHI,Miami,OnTrac,7/13/2023,7/17/2023,25.3,191.72,Delivered,1350,4,7.577865613,0.142014815,OK,,
SH10568,Warehouse_LA,Houston,LaserShip,3/13/2023,3/23/2023,45.8,313.91,Delayed,2318,7,6.853930131,0.135422778,OK,,
SH10569,Warehouse_LA,Miami,OnTrac,4/19/2023,4/26/2023,28.4,304.15,Delivered,2243,7,10.70950704,0.135599643,OK,,
SH10570,Warehouse_MIA,Chicago,UPS,7/24/2023,7/31/2023,31.7,333.27,Delivered,2201,7,10.51324921,0.151417537,OK,,
SH10571,Warehouse_MIA,Boston,DHL,4/29/2023,5/6/2023,33.7,363.72,Delivered,2255,7,10.79287834,0.1612949,OK,,
SH10572,Warehouse_SF,Atlanta,UPS,5/13/2023,5/22/2023,58.4,196.37,Delivered,962,9,3.3625,0.204126819,OK,,
SH10573,Warehouse_SF,Miami,LaserShip,6/30/2023,7/4/2023,28.7,255.28,In Transit,1681,4,8.894773519,0.151861987,OK,,
SH10574,Warehouse_CHI,Detroit,LaserShip,5/16/2023,5/17/2023,37.4,72.51,Delivered,283,1,1.938770053,0.256219081,OK,,
SH10575,Warehouse_SF,Boston,USPS,8/28/2023,8/31/2023,26.9,103.85,Delivered,640,3,3.860594796,0.162265625,OK,,
SH10576,Warehouse_CHI,Phoenix,OnTrac,10/18/2023,10/24/2023,27.8,294.98,Delivered,2409,6,10.61079137,0.122449149,OK,,
SH10577,Warehouse_ATL,San Francisco,FedEx,11/18/2023,11/22/2023,23.3,228.28,Lost,1203,4,9.797424893,0.189758936,OK,,
SH10578,Warehouse_CHI,Atlanta,Amazon Logistics,4/3/2023,4/4/2023,17.9,45.26,Delivered,231,1,2.52849162,0.195930736,OK,,
SH10579,Warehouse_ATL,Miami,LaserShip,9/12/2023,9/26/2023,32.5,308.35,Delayed,2136,5,9.487692308,0.144358614,OK,,
SH10580,Warehouse_SEA,Portland,OnTrac,3/4/2023,3/8/2023,19.8,265.4,Delivered,1886,4,13.4040404,0.140721103,OK,,
SH10581,Warehouse_MIA,Chicago,FedEx,1/20/2023,1/30/2023,11.9,287.05,Delivered,1896,10,24.12184874,0.151397679,Flag,,
SH10582,Warehouse_CHI,Minneapolis,LaserShip,10/11/2023,10/16/2023,108.6,221.52,Delivered,1869,5,2.039779006,0.118523274,OK,,
SH10583,Warehouse_CHI,San Francisco,FedEx,6/4/2023,6/7/2023,15.9,200.58,Delivered,1412,3,12.61509434,0.142053824,OK,,
SH10584,Warehouse_ATL,Chicago,DHL,6/4/2023,6/7/2023,19.8,44,Delivered,110,3,2.222222222,0.4,OK,,
SH10585,Warehouse_HOU,Miami,LaserShip,2/5/2023,2/7/2023,14.6,107.88,Delivered,682,2,7.389041096,0.158181818,OK,,
SH10586,Warehouse_DEN,San Francisco,OnTrac,3/1/2023,3/7/2023,46.5,334.7,Delivered,2264,6,7.197849462,0.147835689,OK,,
SH10587,Warehouse_CHI,Boston,UPS,11/15/2023,11/18/2023,43.9,133.41,Delivered,413,3,3.038952164,0.323026634,OK,,
SH10588,Warehouse_MIA,Seattle,Amazon Logistics,5/26/2023,6/9/2023,17.5,144.25,Delayed,1003,3,8.242857143,0.143818544,OK,,
SH10589,Warehouse_SF,Houston,OnTrac,7/29/2023,8/1/2023,82.9,189.53,Delivered,893,3,2.286248492,0.212239642,OK,,
SH10590,Warehouse_HOU,Boston,DHL,5/23/2023,6/4/2023,16.2,219.44,Delayed,1509,4,13.54567901,0.145420808,OK,,
SH10591,Warehouse_BOS,Seattle,DHL,7/12/2023,7/25/2023,17.1,265.04,Delayed,1749,5,15.4994152,0.151538022,OK,,
SH10592,Warehouse_MIA,Los Angeles,OnTrac,6/14/2023,6/15/2023,9.4,59.03,Delivered,377,1,6.279787234,0.156578249,OK,,
SH10593,Warehouse_SF,Phoenix,FedEx,10/21/2023,10/26/2023,15.3,343.33,Delivered,2483,5,22.43986928,0.138272251,Flag,,
SH10594,Warehouse_SEA,Seattle,OnTrac,3/10/2023,3/24/2023,17.4,231.71,Delayed,1606,5,13.31666667,0.144277709,OK,,
SH10595,Warehouse_NYC,Atlanta,OnTrac,7/25/2023,7/30/2023,11.8,119.5,Delivered,870,5,10.12711864,0.137356322,OK,,
SH10596,Warehouse_ATL,San Francisco,UPS,12/8/2023,12/13/2023,56.8,315.36,Delivered,1705,5,5.552112676,0.184961877,OK,,
SH10597,Warehouse_SEA,Atlanta,UPS,6/19/2023,,28.5,77.76,Delivered,290,2,2.728421053,0.268137931,OK,,
SH10598,Warehouse_DEN,Dallas,Amazon Logistics,5/22/2023,5/26/2023,14.6,187.56,Delivered,1525,4,12.84657534,0.122990164,OK,,
SH10599,Warehouse_MIA,Phoenix,DHL,6/23/2023,6/26/2023,9.9,180.22,Delivered,1178,3,18.2040404,0.152988115,OK,,
SH10600,Warehouse_SF,Houston,FedEx,2/26/2023,3/2/2023,45.7,247.43,Delivered,1612,4,5.414223195,0.153492556,OK,,
SH10601,Warehouse_LA,New York,Amazon Logistics,5/29/2023,6/4/2023,19.9,316.03,Delivered,2488,6,15.88090452,0.127021704,OK,,
SH10602,Warehouse_HOU,Dallas,Amazon Logistics,11/20/2023,11/30/2023,10.5,325.38,Delivered,2144,10,30.98857143,0.15176306,Flag,,
SH10603,Warehouse_NYC,Dallas,FedEx,6/3/2023,6/6/2023,4.2,45.59,Delivered,341,3,10.8547619,0.133695015,OK,,
SH10604,Warehouse_BOS,Boston,LaserShip,2/17/2023,2/21/2023,17.9,77.71,Delivered,484,4,4.341340782,0.160557851,OK,,
SH10605,Warehouse_SEA,Detroit,DHL,7/28/2023,8/2/2023,6.9,218.92,Delivered,1461,5,31.72753623,0.149842574,Flag,,
SH10606,Warehouse_LA,Chicago,Amazon Logistics,12/18/2023,12/23/2023,29.7,149.52,Delivered,766,5,5.034343434,0.195195822,OK,,
SH10607,Warehouse_ATL,Dallas,FedEx,6/5/2023,6/10/2023,11.4,179.35,Delivered,1151,5,15.73245614,0.155821025,OK,,
SH10608,Warehouse_MIA,San Francisco,LaserShip,7/26/2023,7/28/2023,11,59.43,Delivered,412,2,5.402727273,0.144247573,OK,,
SH10609,Warehouse_MIA,Dallas,Amazon Logistics,2/8/2023,2/12/2023,19.7,254.01,Delivered,1858,4,12.89390863,0.136711518,OK,,
SH10610,Warehouse_HOU,San Francisco,LaserShip,10/18/2023,11/3/2023,24.2,284.17,Delayed,2188,5,11.74256198,0.1298766,OK,,
SH10611,Warehouse_HOU,Dallas,FedEx,9/7/2023,9/10/2023,58.1,217.03,Delivered,1113,3,3.73545611,0.194995508,OK,,
SH10612,Warehouse_HOU,Seattle,FedEx,11/11/2023,11/16/2023,0.3,333.92,Delivered,1775,5,1113.066667,0.188123944,Flag,,
SH10613,Warehouse_DEN,New York,Amazon Logistics,10/26/2023,10/30/2023,39,61.95,Delivered,109,4,1.588461538,0.568348624,OK,,
SH10614,Warehouse_CHI,Denver,UPS,9/25/2023,9/29/2023,16.5,143.91,Delivered,1000,4,8.721818182,0.14391,OK,,
SH10615,Warehouse_ATL,Portland,UPS,4/16/2023,4/22/2023,12.9,56.83,Delayed,354,1,4.405426357,0.160536723,OK,,
SH10616,Warehouse_ATL,Miami,FedEx,4/24/2023,4/26/2023,11.5,114.38,Delivered,752,2,9.946086957,0.152101064,OK,,
SH10617,Warehouse_ATL,Denver,Amazon Logistics,9/26/2023,10/2/2023,37.7,286.4,Delivered,2253,6,7.596816976,0.127119396,OK,,
SH10618,Warehouse_CHI,Denver,LaserShip,6/17/2023,6/21/2023,8.6,119.7,Delivered,1000,4,13.91860465,0.1197,OK,,
SH10619,Warehouse_SF,Phoenix,LaserShip,12/16/2023,12/25/2023,43.2,416.42,Delayed,2266,7,9.639351852,0.183768756,OK,,
SH10620,Warehouse_ATL,Minneapolis,DHL,9/18/2023,9/27/2023,51.8,201.57,Delayed,1014,3,3.891312741,0.198786982,OK,,
SH10621,Warehouse_BOS,Portland,USPS,11/14/2023,11/22/2023,21.4,276.47,Delivered,1837,8,12.91915888,0.150500817,OK,,
SH10622,Warehouse_HOU,Chicago,OnTrac,2/17/2023,2/20/2023,34.2,73.58,Delivered,264,3,2.151461988,0.278712121,OK,,
SH10623,Warehouse_LA,Detroit,FedEx,9/30/2023,10/3/2023,27.8,172.58,Delivered,920,3,6.207913669,0.187586957,OK,,
SH10624,Warehouse_BOS,Dallas,FedEx,4/5/2023,4/9/2023,3.3,52.34,Delivered,385,4,15.86060606,0.135948052,OK,,
SH10625,Warehouse_CHI,San Francisco,DHL,6/17/2023,6/21/2023,22.5,252.88,Delivered,1650,4,11.23911111,0.153260606,OK,,
SH10626,Warehouse_MIA,Minneapolis,OnTrac,9/24/2023,9/30/2023,16.3,274.15,Delivered,2133,6,16.8190184,0.128527895,OK,,
SH10627,Warehouse_SF,San Francisco,FedEx,11/15/2023,11/20/2023,7,194.75,In Transit,1191,5,27.82142857,0.163518052,Flag,,
SH10628,Warehouse_LA,Miami,USPS,1/5/2023,1/8/2023,27.1,133.42,Lost,836,3,4.923247232,0.159593301,OK,,
SH10629,Warehouse_CHI,Denver,FedEx,10/4/2023,10/6/2023,11.9,149.7,Delivered,1000,2,12.57983193,0.1497,OK,,
SH10630,Warehouse_SF,Los Angeles,DHL,8/12/2023,8/14/2023,54.7,191.49,Delivered,723,2,3.500731261,0.264854772,OK,,
SH10631,Warehouse_MIA,Los Angeles,FedEx,7/26/2023,8/1/2023,26,304.66,Lost,1990,6,11.71769231,0.153095477,OK,,
SH10632,Warehouse_BOS,Minneapolis,UPS,11/7/2023,11/9/2023,6.9,107.24,Delivered,660,2,15.54202899,0.162484848,OK,,
SH10633,Warehouse_ATL,Houston,UPS,7/21/2023,7/27/2023,44.1,340.74,Delivered,2174,6,7.726530612,0.156734131,OK,,
SH10634,Warehouse_ATL,Minneapolis,USPS,8/3/2023,8/6/2023,16.2,93.12,Delivered,651,3,5.748148148,0.143041475,OK,,
SH10635,Warehouse_CHI,Denver,FedEx,11/11/2023,11/14/2023,65.2,264.64,Delivered,1000,3,4.058895706,0.26464,OK,,
SH10636,Warehouse_CHI,Minneapolis,DHL,5/18/2023,,8,164.55,Delivered,1019,3,20.56875,0.161481845,OK,,
SH10637,Warehouse_DEN,Boston,LaserShip,5/18/2023,5/20/2023,29.9,95.19,Delivered,508,2,3.18361204,0.18738189,OK,,
SH10638,Warehouse_CHI,Houston,LaserShip,5/31/2023,6/6/2023,22.5,304.07,Delivered,2165,6,13.51422222,0.140448037,OK,,
SH10639,Warehouse_HOU,Portland,USPS,9/25/2023,9/30/2023,27.2,158.38,Delivered,1038,5,5.822794118,0.152581888,OK,,
SH10640,Warehouse_HOU,Minneapolis,UPS,2/22/2023,,27.7,129.49,Delivered,730,3,4.674729242,0.177383562,OK,,
SH10641,Warehouse_SF,Los Angeles,Amazon Logistics,3/19/2023,3/26/2023,37.7,339.21,Delivered,2201,7,8.997612732,0.154116311,OK,,
SH10642,Warehouse_DEN,Detroit,FedEx,3/20/2023,3/25/2023,10.2,265.15,Delivered,1808,5,25.99509804,0.146653761,Flag,,
SH10643,Warehouse_SEA,Phoenix,OnTrac,10/3/2023,10/5/2023,10.2,79.74,Delivered,553,2,7.817647059,0.144195298,OK,,
SH10644,Warehouse_SEA,New York,DHL,3/18/2023,3/22/2023,44.4,151.2,Delivered,560,4,3.405405405,0.27,OK,,
SH10645,Warehouse_MIA,Atlanta,USPS,7/28/2023,8/2/2023,21.9,289.79,Delivered,2189,5,13.23242009,0.132384651,OK,,
SH10646,Warehouse_ATL,Detroit,LaserShip,11/17/2023,11/19/2023,23.1,98.82,Delivered,393,2,4.277922078,0.251450382,OK,,
SH10647,Warehouse_SEA,Minneapolis,DHL,12/13/2023,12/16/2023,37.7,336.06,Delivered,1505,3,8.914058355,0.223295681,OK,,
SH10648,Warehouse_DEN,New York,OnTrac,9/25/2023,10/1/2023,37.1,236.03,Delivered,1673,6,6.361994609,0.141081889,OK,,
SH10649,Warehouse_LA,Portland,OnTrac,8/4/2023,8/8/2023,12.1,144.44,Delivered,1029,4,11.93719008,0.140369291,OK,,
SH10650,Warehouse_SF,Miami,Amazon Logistics,9/29/2023,10/6/2023,6.9,294.86,Delivered,2487,7,42.73333333,0.118560515,Flag,,
SH10651,Warehouse_SEA,Los Angeles,OnTrac,7/4/2023,7/8/2023,14.6,204.47,Delivered,1495,4,14.00479452,0.136769231,OK,,
SH10652,Warehouse_BOS,Chicago,DHL,7/1/2023,7/6/2023,54.9,243.58,Delivered,1121,5,4.436794171,0.217288136,OK,,
SH10653,Warehouse_NYC,Chicago,DHL,8/22/2023,8/24/2023,31.7,163.48,Delivered,790,2,5.157097792,0.206936709,OK,,
SH10654,Warehouse_BOS,Minneapolis,OnTrac,10/4/2023,10/8/2023,15.7,191.45,Delivered,1457,4,12.19426752,0.131400137,OK,,
SH10655,Warehouse_HOU,Miami,UPS,1/7/2023,1/12/2023,6.6,261.19,Delivered,1832,5,39.57424242,0.142570961,Flag,,
SH10656,Warehouse_SF,Los Angeles,LaserShip,7/25/2023,7/28/2023,53.1,197.62,Delivered,1208,3,3.72165725,0.163592715,OK,,
SH10657,Warehouse_SF,Denver,LaserShip,12/16/2023,12/17/2023,32.3,115.94,Delivered,531,1,3.589473684,0.21834275,OK,,
SH10658,Warehouse_LA,Dallas,Amazon Logistics,12/23/2023,12/30/2023,67.3,275.71,Delivered,1435,7,4.096731055,0.192132404,OK,,
SH10659,Warehouse_SF,Portland,UPS,9/17/2023,9/22/2023,11.7,241.13,Delivered,1803,5,20.60940171,0.133738214,Flag,,
SH10660,Warehouse_SEA,Los Angeles,Amazon Logistics,8/17/2023,8/22/2023,6.3,315.26,Delivered,2363,5,50.04126984,0.13341515,Flag,,
SH10661,Warehouse_ATL,Chicago,Amazon Logistics,10/5/2023,10/8/2023,57.7,243.19,Delivered,1274,3,4.214731369,0.19088697,OK,,
SH10662,Warehouse_CHI,New York,OnTrac,2/9/2023,2/14/2023,5.9,199.78,Delivered,1678,5,33.86101695,0.119058403,Flag,,
SH10663,Warehouse_CHI,Seattle,DHL,10/17/2023,11/3/2023,38,416.88,Delayed,2447,6,10.97052632,0.170363711,OK,,
SH10664,Warehouse_SF,Minneapolis,Amazon Logistics,3/3/2023,3/8/2023,9.7,230.69,Delivered,1667,5,23.78247423,0.138386323,Flag,,
SH10665,Warehouse_LA,Dallas,Amazon Logistics,6/2/2023,6/6/2023,25,220.62,Delivered,1435,4,8.8248,0.15374216,OK,,
SH10666,Warehouse_DEN,Houston,OnTrac,1/7/2023,1/12/2023,9.7,260.86,Delivered,1937,5,26.89278351,0.134672173,Flag,,
SH10667,Warehouse_ATL,Dallas,UPS,3/28/2023,3/31/2023,5.6,94.63,Returned,659,3,16.89821429,0.143596358,OK,,
SH10668,Warehouse_SEA,Miami,UPS,3/3/2023,3/8/2023,18.1,102.98,Delivered,663,5,5.689502762,0.155324284,OK,,
SH10669,Warehouse_LA,Dallas,LaserShip,11/16/2023,11/21/2023,39,280.22,Delivered,1435,5,7.185128205,0.195275261,OK,,
SH10670,Warehouse_BOS,New York,LaserShip,3/20/2023,3/28/2023,28.1,192.15,Delivered,1431,8,6.838078292,0.13427673,OK,,
SH10671,Warehouse_MIA,Minneapolis,DHL,10/20/2023,11/3/2023,22.8,362.33,Delayed,2452,5,15.89166667,0.147769168,OK,,
SH10672,Warehouse_HOU,Detroit,LaserShip,7/9/2023,7/23/2023,25.5,298.33,Delayed,2427,6,11.69921569,0.122921302,OK,,
SH10673,Warehouse_NYC,Seattle,LaserShip,6/12/2023,6/17/2023,13.9,131.13,Delivered,872,5,9.43381295,0.15037844,OK,,
SH10674,Warehouse_ATL,Houston,DHL,4/15/2023,4/21/2023,7.7,234.65,Delivered,1747,6,30.47402597,0.13431597,Flag,,
SH10675,Warehouse_LA,Houston,LaserShip,4/25/2023,4/29/2023,37.8,199.44,Delivered,1314,4,5.276190476,0.151780822,OK,,
SH10676,Warehouse_MIA,Los Angeles,DHL,10/27/2023,11/1/2023,43.7,401.12,Delivered,2460,5,9.178947368,0.163056911,OK,,
SH10677,Warehouse_MIA,New York,OnTrac,9/8/2023,9/13/2023,20.6,259.44,Delivered,2189,5,12.59417476,0.118519872,OK,,
SH10678,Warehouse_SEA,Denver,FedEx,10/2/2023,10/8/2023,14,295.69,Delivered,2105,6,21.12071429,0.140470309,Flag,,
SH10679,Warehouse_BOS,Miami,FedEx,3/3/2023,3/9/2023,6.5,297.79,Delivered,2185,6,45.81384615,0.13628833,Flag,,
SH10680,Warehouse_ATL,Houston,FedEx,8/15/2023,8/20/2023,122.7,432.92,Delivered,1984,5,3.528280359,0.218205645,OK,,
SH10681,Warehouse_BOS,Phoenix,OnTrac,10/19/2023,10/22/2023,13.6,141.3,Delivered,1123,3,10.38970588,0.125823687,OK,,
SH10682,Warehouse_ATL,San Francisco,OnTrac,5/4/2023,5/6/2023,35.9,89.84,Delivered,348,2,2.502506964,0.25816092,OK,,
SH10683,Warehouse_LA,Dallas,Amazon Logistics,1/2/2023,1/5/2023,52.3,222.33,Delivered,1435,3,4.251051625,0.154933798,OK,,
SH10684,Warehouse_HOU,Detroit,DHL,2/28/2023,3/1/2023,14.6,58.01,Delivered,265,1,3.973287671,0.21890566,OK,,
SH10685,Warehouse_NYC,Atlanta,FedEx,3/14/2023,3/17/2023,36.8,166.16,Delivered,870,3,4.515217391,0.190988506,OK,,
SH10686,Warehouse_BOS,Portland,LaserShip,11/25/2023,12/1/2023,25.8,319.09,Lost,2008,6,12.36782946,0.158909363,OK,,
SH10687,Warehouse_LA,Chicago,USPS,6/19/2023,6/22/2023,17.5,165.72,Delivered,1305,3,9.469714286,0.126988506,OK,,
SH10688,Warehouse_SF,Portland,OnTrac,10/26/2023,10/30/2023,50.1,282.69,Delivered,1646,4,5.64251497,0.171743621,OK,,
SH10689,Warehouse_CHI,Atlanta,LaserShip,3/16/2023,3/21/2023,54,326.08,Delivered,2448,5,6.038518519,0.133202614,OK,,
SH10690,Warehouse_BOS,Dallas,DHL,1/14/2023,1/18/2023,9.6,243.91,Delivered,1854,4,25.40729167,0.131558792,Flag,,
SH10691,Warehouse_BOS,Minneapolis,Amazon Logistics,6/7/2023,6/10/2023,14.5,174.22,Delivered,1208,3,12.01517241,0.144221854,OK,,
SH10692,Warehouse_MIA,Dallas,USPS,1/15/2023,1/19/2023,14.5,230.05,Delivered,1753,4,15.86551724,0.131232173,OK,,
SH10693,Warehouse_MIA,Chicago,USPS,3/17/2023,4/3/2023,3.1,124.09,Delayed,1098,6,40.02903226,0.113014572,Flag,,
SH10694,Warehouse_DEN,Denver,FedEx,2/16/2023,2/21/2023,108.4,397.96,Delivered,1964,5,3.671217712,0.202627291,OK,,
SH10695,Warehouse_DEN,Houston,Amazon Logistics,6/15/2023,6/20/2023,26.6,231.19,Delivered,1615,5,8.691353383,0.143151703,OK,,
SH10696,Warehouse_NYC,Atlanta,FedEx,11/19/2023,11/22/2023,7.2,158.85,Delivered,870,3,22.0625,0.182586207,Flag,,
SH10697,Warehouse_SF,Detroit,DHL,3/31/2023,4/1/2023,17.1,34.45,Delivered,105,1,2.014619883,0.328095238,OK,,
SH10698,Warehouse_SF,Atlanta,UPS,1/18/2023,1/20/2023,21.9,83.7,Delivered,472,2,3.821917808,0.177330508,OK,,
SH10699,Warehouse_HOU,Dallas,UPS,2/28/2023,3/5/2023,78.2,195.05,Delayed,860,3,2.494245524,0.226802326,OK,,
SH10700,Warehouse_ATL,Seattle,LaserShip,1/4/2023,1/7/2023,14.5,83.98,Delivered,530,3,5.791724138,0.15845283,OK,,
SH10701,Warehouse_SEA,Seattle,UPS,9/16/2023,9/20/2023,17.7,198.87,Delivered,1498,4,11.23559322,0.132757009,OK,,
SH10702,Warehouse_CHI,Portland,OnTrac,2/5/2023,2/6/2023,14.1,33.49,Delivered,154,1,2.375177305,0.217467532,OK,,
SH10703,Warehouse_ATL,Chicago,USPS,8/27/2023,8/28/2023,6.7,52,Delivered,357,1,7.76119403,0.145658263,OK,,
SH10704,Warehouse_BOS,San Francisco,FedEx,5/17/2023,5/22/2023,11.9,34.31,Delivered,2440,5,2.883193277,0.014061475,OK,,
SH10705,Warehouse_NYC,Portland,UPS,11/15/2023,11/20/2023,60.4,370.75,Delivered,1846,5,6.138245033,0.200839653,OK,,
SH10706,Warehouse_NYC,Detroit,USPS,7/22/2023,7/25/2023,12.6,75.73,Delivered,497,3,6.01031746,0.152374245,OK,,
SH10707,Warehouse_BOS,Houston,DHL,4/28/2023,5/1/2023,43.8,143.51,Delivered,632,3,3.276484018,0.227072785,OK,,
SH10708,Warehouse_SEA,Denver,OnTrac,11/30/2023,,17,174.48,Delivered,1143,5,10.26352941,0.152650919,OK,,
SH10709,Warehouse_DEN,Boston,LaserShip,8/14/2023,8/18/2023,27.5,172.21,Delivered,1086,4,6.262181818,0.158572744,OK,,
SH10710,Warehouse_ATL,Chicago,UPS,11/30/2023,12/2/2023,30.6,89.12,Delivered,284,2,2.912418301,0.313802817,OK,,
SH10711,Warehouse_NYC,Los Angeles,LaserShip,10/30/2023,11/3/2023,139.4,415.94,Delivered,1881,4,2.983787661,0.22112706,OK,,
SH10712,Warehouse_LA,Detroit,USPS,11/19/2023,11/26/2023,3.8,206.23,Delivered,1465,7,54.27105263,0.140771331,Flag,,
SH10713,Warehouse_SEA,Denver,UPS,2/23/2023,2/27/2023,24.1,148.09,Delivered,1000,4,6.144813278,0.14809,OK,,
SH10714,Warehouse_HOU,New York,LaserShip,1/28/2023,2/6/2023,66.5,345.16,Delayed,2301,7,5.19037594,0.150004346,OK,,
SH10715,Warehouse_LA,Minneapolis,LaserShip,3/12/2023,3/18/2023,21.4,92.29,Delivered,623,6,4.312616822,0.148138042,OK,,
SH10716,Warehouse_CHI,Houston,LaserShip,8/31/2023,9/8/2023,12,321.79,Delivered,2422,8,26.81583333,0.132861272,Flag,,
SH10717,Warehouse_ATL,Detroit,FedEx,6/23/2023,6/28/2023,19.7,201.01,Delivered,1284,5,10.2035533,0.156549844,OK,,
SH10718,Warehouse_LA,Seattle,Amazon Logistics,8/5/2023,7/6/2023,35,,Delivered,1135,3,0,0,OK,,
SH10719,Warehouse_DEN,Chicago,DHL,9/17/2023,9/23/2023,21.9,,Delivered,2344,6,0,0,OK,,
SH10720,Warehouse_SEA,Chicago,DHL,1/4/2023,1/10/2023,19,117.94,Delayed,593,5,6.207368421,0.198887015,OK,,
SH10721,Warehouse_NYC,Phoenix,DHL,2/22/2023,2/27/2023,66.1,181.39,Delivered,796,5,2.744175492,0.227876884,OK,,
SH10722,Warehouse_SF,San Francisco,USPS,12/31/2023,1/5/2024,23.2,295.97,Delivered,2164,5,12.75732759,0.136769871,OK,,
SH10723,Warehouse_CHI,Boston,UPS,10/4/2023,10/7/2023,16.2,157.6,Delivered,1217,3,9.728395062,0.129498767,OK,,
SH10724,Warehouse_CHI,San Francisco,USPS,1/8/2023,1/10/2023,14.4,34.45,Delivered,140,2,2.392361111,0.246071429,OK,,
SH10725,Warehouse_NYC,Minneapolis,USPS,7/14/2023,7/19/2023,27.4,178.29,Delivered,1367,5,6.506934307,0.130424287,OK,,
SH10726,Warehouse_LA,Chicago,UPS,7/16/2023,7/23/2023,27.4,286.48,Delivered,2072,7,10.45547445,0.138262548,OK,,
SH10727,Warehouse_DEN,Atlanta,USPS,5/7/2023,5/12/2023,6.2,25.02,Delivered,150,5,4.035483871,0.1668,OK,,
SH10728,Warehouse_BOS,Phoenix,DHL,10/12/2023,10/15/2023,24.1,204.04,Delivered,1168,3,8.466390041,0.174691781,OK,,
SH10729,Warehouse_MIA,Denver,OnTrac,10/13/2023,10/14/2023,28.8,54.72,Delivered,147,1,1.9,0.372244898,OK,,
SH10730,Warehouse_NYC,Chicago,LaserShip,9/6/2023,9/9/2023,12.5,106.43,Delivered,790,3,8.5144,0.134721519,OK,,
SH10731,Warehouse_LA,Los Angeles,DHL,2/28/2023,3/2/2023,48.5,84.38,Delivered,159,2,1.739793814,0.530691824,OK,,
SH10732,Warehouse_SF,Dallas,LaserShip,11/24/2023,12/3/2023,15,266.53,Delayed,1632,5,17.76866667,0.163314951,OK,,
SH10733,Warehouse_DEN,Los Angeles,OnTrac,1/13/2023,1/15/2023,12,95.74,Delivered,607,2,7.978333333,0.157726524,OK,,
SH10734,Warehouse_SF,Detroit,FedEx,11/7/2023,11/12/2023,39.9,138.47,Delivered,475,5,3.470426065,0.291515789,OK,,
SH10735,Warehouse_BOS,Houston,FedEx,5/25/2023,5/29/2023,6.6,199.12,Delivered,1370,4,30.16969697,0.145343066,Flag,,
SH10736,Warehouse_DEN,Los Angeles,LaserShip,10/27/2023,11/2/2023,474.2,341.15,Delivered,2200,6,0.719422185,0.155068182,OK,,
SH10737,Warehouse_ATL,Miami,USPS,7/12/2023,7/18/2023,15.1,236.63,In Transit,1795,6,15.67086093,0.131827298,OK,,
SH10738,Warehouse_DEN,Phoenix,FedEx,2/24/2023,3/1/2023,32,340.57,Delivered,2208,5,10.6428125,0.154243659,OK,,
SH10739,Warehouse_HOU,Boston,USPS,10/31/2023,11/2/2023,14.5,86.35,Delivered,585,2,5.955172414,0.147606838,OK,,
SH10740,Warehouse_DEN,Phoenix,Amazon Logistics,12/18/2023,12/27/2023,9.2,141.68,Delayed,974,3,15.4,0.145462012,OK,,
SH10741,Warehouse_LA,Atlanta,FedEx,6/29/2023,7/4/2023,32.2,247.76,Delivered,1610,5,7.694409938,0.153888199,OK,,
SH10742,Warehouse_HOU,Denver,FedEx,10/27/2023,10/31/2023,27.1,165.65,Delivered,1030,4,6.112546125,0.160825243,OK,,
SH10743,Warehouse_HOU,Boston,LaserShip,5/2/2023,5/11/2023,22.8,342.44,Delivered,2380,9,15.01929825,0.143882353,OK,,
SH10744,Warehouse_HOU,Atlanta,FedEx,3/10/2023,3/12/2023,10.2,111.08,Delivered,800,2,10.89019608,0.13885,OK,,
SH10745,Warehouse_NYC,Miami,Amazon Logistics,8/10/2023,8/14/2023,30.8,255.81,Delivered,1692,4,8.305519481,0.151187943,OK,,
SH10746,Warehouse_BOS,Miami,USPS,4/3/2023,4/5/2023,11.9,139.28,Delivered,1032,2,11.70420168,0.13496124,OK,,
SH10747,Warehouse_ATL,Los Angeles,USPS,1/25/2023,1/27/2023,16.8,124.3,Delivered,1003,2,7.398809524,0.123928215,OK,,
SH10748,Warehouse_SF,Phoenix,UPS,10/13/2023,10/15/2023,7.2,59.98,Delivered,367,2,8.330555556,0.163433243,OK,,
SH10749,Warehouse_SEA,Miami,LaserShip,12/30/2023,1/6/2024,11.6,264.5,Delivered,1614,7,22.80172414,0.163878563,Flag,,
SH10750,Warehouse_LA,Portland,LaserShip,5/6/2023,5/11/2023,7.8,53.18,Delivered,402,5,6.817948718,0.132288557,OK,,
SH10751,Warehouse_BOS,Phoenix,LaserShip,8/22/2023,9/2/2023,43.8,138.23,Delayed,691,3,3.155936073,0.200043415,OK,,
SH10752,Warehouse_DEN,Miami,USPS,7/20/2023,7/22/2023,10.1,61.2,Delivered,469,2,6.059405941,0.130490405,OK,,
SH10753,Warehouse_MIA,Detroit,USPS,8/22/2023,8/30/2023,24.7,280.23,Delivered,2030,8,11.34534413,0.138044335,OK,,
SH10754,Warehouse_DEN,Minneapolis,FedEx,10/7/2023,10/10/2023,26.5,155.2,Delivered,810,3,5.856603774,0.191604938,OK,,
SH10755,Warehouse_LA,San Francisco,LaserShip,12/6/2023,12/9/2023,6.2,111.44,Delivered,735,3,17.97419355,0.151619048,OK,,
SH10756,Warehouse_DEN,Minneapolis,DHL,4/13/2023,4/15/2023,10,45.28,Delivered,236,2,4.528,0.191864407,OK,,
SH10757,Warehouse_SEA,Phoenix,DHL,4/12/2023,4/17/2023,9.5,194.71,Delivered,1346,5,20.49578947,0.144658247,OK,,
SH10758,Warehouse_HOU,Denver,UPS,4/27/2023,,12.1,140.94,Delivered,1030,3,11.64793388,0.136834951,OK,,
SH10759,Warehouse_SEA,Chicago,USPS,8/24/2023,8/28/2023,71,148.26,Delivered,706,4,2.088169014,0.21,OK,,
SH10760,Warehouse_BOS,Miami,DHL,8/18/2023,8/26/2023,35.3,212.84,Delivered,1056,8,6.029461756,0.20155303,OK,,
SH10761,Warehouse_DEN,Miami,DHL,7/7/2023,7/12/2023,18.1,229.06,Delivered,1660,5,12.65524862,0.137987952,OK,,
SH10762,Warehouse_HOU,Los Angeles,UPS,11/4/2023,11/10/2023,10.3,332.84,Delivered,2174,6,32.31456311,0.153100276,Flag,,
SH10763,Warehouse_LA,Chicago,Amazon Logistics,4/19/2023,4/23/2023,72.9,236.99,Delivered,1270,4,3.250891632,0.186606299,OK,,
SH10764,Warehouse_DEN,Portland,USPS,1/20/2023,1/25/2023,18.7,312.02,Delivered,2308,5,16.6855615,0.135190641,OK,,
SH10765,Warehouse_BOS,Houston,LaserShip,1/14/2023,1/16/2023,39.6,90.47,Delivered,307,2,2.28459596,0.294690554,OK,,
SH10766,Warehouse_MIA,Phoenix,LaserShip,5/17/2023,5/21/2023,10.8,125.78,Delivered,912,4,11.6462963,0.137916667,OK,,
SH10767,Warehouse_LA,Dallas,FedEx,1/16/2023,1/21/2023,48.5,261.64,Delivered,1435,5,5.394639175,0.182327526,OK,,
SH10768,Warehouse_MIA,Chicago,DHL,8/24/2023,8/29/2023,57.5,257.6,Delayed,1260,3,4.48,0.204444444,OK,,
SH10769,Warehouse_DEN,New York,USPS,7/6/2023,7/10/2023,13.6,204.17,Delivered,1646,4,15.0125,0.124040097,OK,,
SH10770,Warehouse_CHI,Boston,UPS,4/15/2023,4/21/2023,7.7,284.59,Delivered,2012,6,36.95974026,0.141446322,Flag,,
SH10771,Warehouse_CHI,Detroit,FedEx,8/16/2023,8/18/2023,41.8,84.62,Delivered,283,2,2.024401914,0.299010601,OK,,
SH10772,Warehouse_LA,San Francisco,USPS,6/1/2023,6/4/2023,43.9,222.74,Delivered,1342,3,5.0738041,0.165976155,OK,,
SH10773,Warehouse_SEA,Phoenix,UPS,7/29/2023,8/4/2023,30,266.62,Delivered,2030,6,8.887333333,0.131339901,OK,,
SH10774,Warehouse_SEA,New York,DHL,4/11/2023,4/27/2023,73.6,437.29,Delayed,2241,6,5.941440217,0.195131638,OK,,
SH10775,Warehouse_MIA,Miami,LaserShip,11/2/2023,11/7/2023,23.2,51.9,Delivered,147,5,2.237068966,0.353061224,OK,,
SH10776,Warehouse_SF,Chicago,Amazon Logistics,9/9/2023,9/13/2023,23.2,191.94,Delivered,1277,4,8.273275862,0.150305403,OK,,
SH10777,Warehouse_ATL,Boston,UPS,10/1/2023,10/13/2023,38,108.83,Delayed,527,2,2.863947368,0.206508539,OK,,
SH10778,Warehouse_BOS,Portland,OnTrac,9/26/2023,9/30/2023,12.8,147.18,Delivered,1012,4,11.4984375,0.145434783,OK,,
SH10779,Warehouse_ATL,Portland,USPS,2/24/2023,2/27/2023,103.4,226.95,Delivered,779,3,2.194874275,0.291335045,OK,,
SH10780,Warehouse_ATL,Chicago,Amazon Logistics,10/12/2023,10/21/2023,44.1,319.84,Delivered,2372,9,7.25260771,0.134839798,OK,,
SH10781,Warehouse_SF,Dallas,LaserShip,12/22/2023,12/26/2023,22.3,223.83,Delivered,1234,4,10.03721973,0.181385737,OK,,
SH10782,Warehouse_NYC,Houston,OnTrac,12/3/2023,12/7/2023,17.3,218.41,Delivered,1246,4,12.62485549,0.175288925,OK,,
SH10783,Warehouse_BOS,Dallas,LaserShip,8/16/2023,8/19/2023,19.3,147.73,Delivered,1068,3,7.654404145,0.13832397,OK,,
SH10784,Warehouse_DEN,Phoenix,USPS,3/16/2023,3/21/2023,22.5,,Delivered,1164,5,0,0,OK,,
SH10785,Warehouse_ATL,Denver,LaserShip,2/1/2023,2/5/2023,34,193.6,Lost,1192,4,5.694117647,0.162416107,OK,,
SH10786,Warehouse_DEN,Dallas,DHL,4/20/2023,4/24/2023,18.6,144.95,Returned,923,4,7.793010753,0.157042254,OK,,
SH10787,Warehouse_ATL,Houston,DHL,2/18/2023,2/21/2023,16.9,208.26,Delivered,1434,3,12.32307692,0.145230126,OK,,
SH10788,Warehouse_BOS,Phoenix,LaserShip,11/25/2023,12/2/2023,36.9,307.4,Delivered,1682,7,8.330623306,0.182758621,OK,,
SH10789,Warehouse_LA,Dallas,OnTrac,4/26/2023,4/30/2023,26.3,200.48,Delivered,1435,4,7.622813688,0.139707317,OK,,
SH10790,Warehouse_LA,Denver,FedEx,4/3/2023,4/8/2023,12.5,326.12,Delivered,2386,5,26.0896,0.136680637,Flag,,
SH10791,Warehouse_NYC,Los Angeles,FedEx,8/29/2023,9/2/2023,6.8,155.95,Delivered,1007,4,22.93382353,0.154865938,Flag,,
SH10792,Warehouse_MIA,New York,UPS,6/28/2023,7/2/2023,15.4,238.58,Delivered,1636,4,15.49220779,0.145831296,OK,,
SH10793,Warehouse_ATL,Boston,LaserShip,10/2/2023,10/17/2023,46.9,180.87,Delayed,993,3,3.856503198,0.182145015,OK,,
SH10794,Warehouse_MIA,Detroit,LaserShip,5/3/2023,5/7/2023,19.2,132.01,Delivered,810,4,6.875520833,0.162975309,OK,,
SH10795,Warehouse_HOU,Chicago,DHL,2/7/2023,2/15/2023,77.7,,Delivered,2113,8,0,0,OK,,
SH10796,Warehouse_LA,Chicago,Amazon Logistics,8/21/2023,8/25/2023,12.4,228.09,Delivered,1640,4,18.39435484,0.139079268,OK,,
SH10797,Warehouse_HOU,Seattle,DHL,6/20/2023,6/24/2023,9.7,233.83,Delivered,1517,4,24.10618557,0.15413975,Flag,,
SH10798,Warehouse_HOU,Minneapolis,Amazon Logistics,5/10/2023,5/16/2023,12.3,306.2,Delivered,2458,6,24.89430894,0.124572823,Flag,,
SH10799,Warehouse_CHI,Detroit,OnTrac,1/20/2023,,70,123.86,Delivered,283,3,1.769428571,0.437667845,OK,,
SH10800,Warehouse_HOU,Miami,UPS,6/12/2023,6/17/2023,9.9,282.29,Delivered,2114,5,28.51414141,0.133533586,Flag,,
SH10801,Warehouse_SF,Boston,Amazon Logistics,6/1/2023,6/7/2023,24.8,213.13,Delivered,1683,6,8.593951613,0.126636958,OK,,
SH10802,Warehouse_DEN,Dallas,USPS,10/27/2023,10/29/2023,4.6,44.35,Delivered,345,2,9.641304348,0.128550725,OK,,
SH10803,Warehouse_MIA,Detroit,OnTrac,3/31/2023,4/6/2023,4.8,287.6,Delivered,2470,6,59.91666667,0.116437247,Flag,,
SH10804,Warehouse_BOS,Chicago,DHL,6/3/2023,6/5/2023,19.2,,Delivered,285,2,0,0,OK,,
SH10805,Warehouse_HOU,Chicago,UPS,2/8/2023,2/15/2023,40.1,104.23,Delayed,428,2,2.59925187,0.243528037,OK,,
SH10806,Warehouse_MIA,Chicago,Amazon Logistics,2/22/2023,2/28/2023,38.4,276.83,Delivered,1780,6,7.209114583,0.155522472,OK,,
SH10807,Warehouse_SF,Seattle,USPS,8/11/2023,8/16/2023,30.3,247.69,Delivered,2049,5,8.174587459,0.120883358,OK,,
SH10808,Warehouse_SEA,Phoenix,FedEx,12/25/2023,1/3/2024,14.1,430.99,Delivered,2363,9,30.56666667,0.182391028,Flag,,
SH10809,Warehouse_SEA,Chicago,OnTrac,11/26/2023,12/3/2023,6.2,314.26,Delivered,2315,7,50.68709677,0.13574946,Flag,,
SH10810,Warehouse_MIA,Detroit,Amazon Logistics,3/31/2023,4/3/2023,51.8,231.8,Delivered,1415,3,4.474903475,0.163816254,OK,,
SH10811,Warehouse_MIA,Chicago,USPS,9/8/2023,9/11/2023,24.6,87.65,In Transit,454,3,3.56300813,0.193061674,OK,,
SH10812,Warehouse_MIA,Portland,LaserShip,11/2/2023,11/4/2023,18.4,151.67,Delivered,862,2,8.242934783,0.175951276,OK,,
SH10813,Warehouse_DEN,Boston,OnTrac,11/26/2023,12/2/2023,14.5,301.8,Delivered,1889,6,20.8137931,0.159767073,Flag,,
SH10814,Warehouse_NYC,Los Angeles,LaserShip,8/19/2023,8/22/2023,14.7,124.34,Delivered,909,3,8.458503401,0.136787679,OK,,
SH10815,Warehouse_CHI,Portland,LaserShip,9/25/2023,9/27/2023,46.3,140.84,Delivered,675,2,3.041900648,0.208651852,OK,,
SH10816,Warehouse_BOS,New York,LaserShip,11/24/2023,11/28/2023,17,113.42,Lost,677,4,6.671764706,0.167533235,OK,,
SH10817,Warehouse_ATL,Phoenix,USPS,11/7/2023,11/12/2023,36.1,234.42,Delivered,1315,5,6.493628809,0.17826616,OK,,
SH10818,Warehouse_CHI,Seattle,LaserShip,9/21/2023,9/23/2023,57.5,82.81,Delivered,105,2,1.440173913,0.788666667,OK,,
SH10819,Warehouse_LA,New York,USPS,11/13/2023,11/18/2023,25.2,283.73,Delivered,1791,5,11.25912698,0.158419877,OK,,
SH10820,Warehouse_HOU,Houston,USPS,7/24/2023,7/29/2023,97.3,286.39,Delivered,1778,5,2.943371017,0.161074241,OK,,
SH10821,Warehouse_ATL,Miami,USPS,3/12/2023,3/14/2023,7.3,35.27,Delivered,209,2,4.831506849,0.168755981,OK,,
SH10822,Warehouse_NYC,Dallas,OnTrac,5/31/2023,6/4/2023,21.4,73.84,Delivered,350,4,3.45046729,0.210971429,OK,,
SH10823,Warehouse_DEN,Minneapolis,DHL,1/18/2023,1/24/2023,50.2,326.57,Delivered,1802,6,6.505378486,0.181226415,OK,,
SH10824,Warehouse_ATL,Minneapolis,USPS,10/19/2023,10/22/2023,5.8,120.42,Delivered,1093,3,20.76206897,0.110173833,Flag,,
SH10825,Warehouse_NYC,Atlanta,FedEx,11/13/2023,11/19/2023,9.7,162.42,Delivered,870,6,16.7443299,0.186689655,OK,,
SH10826,Warehouse_LA,Los Angeles,FedEx,9/10/2023,9/14/2023,39.1,277.98,Delivered,1645,4,7.109462916,0.168984802,OK,,
SH10827,Warehouse_NYC,Detroit,DHL,8/24/2023,8/26/2023,27.7,51.34,Delivered,121,2,1.853429603,0.424297521,OK,,
SH10828,Warehouse_HOU,Atlanta,USPS,1/16/2023,1/18/2023,38.4,125.03,Delivered,800,2,3.255989583,0.1562875,OK,,
SH10829,Warehouse_CHI,Detroit,OnTrac,2/3/2023,2/4/2023,0,35.85,Delivered,283,1,,0.126678445,Flag,,
SH10830,Warehouse_HOU,Minneapolis,OnTrac,3/5/2023,3/6/2023,12.8,41.3,Delivered,205,1,3.2265625,0.201463415,OK,,
SH10831,Warehouse_CHI,Chicago,USPS,4/22/2023,4/26/2023,42.2,271.44,Delivered,1943,4,6.432227488,0.139701493,OK,,
SH10832,Warehouse_LA,Houston,Amazon Logistics,9/7/2023,9/10/2023,13.3,179.74,Delivered,1317,3,13.51428571,0.136476841,OK,,
SH10833,Warehouse_MIA,New York,DHL,7/10/2023,7/11/2023,12.4,47.25,Delivered,237,1,3.810483871,0.199367089,OK,,
SH10834,Warehouse_BOS,Detroit,USPS,2/25/2023,2/27/2023,12.2,70.06,Delivered,489,2,5.742622951,0.143271984,OK,,
SH10835,Warehouse_CHI,Phoenix,LaserShip,6/20/2023,6/24/2023,28.6,223.2,Delivered,1752,4,7.804195804,0.12739726,OK,,
SH10836,Warehouse_CHI,Miami,FedEx,5/22/2023,5/25/2023,12.3,199.26,Delivered,1350,3,16.2,0.1476,OK,,
SH10837,Warehouse_DEN,San Francisco,USPS,6/12/2023,6/16/2023,7.5,165.29,Delivered,1323,4,22.03866667,0.124935752,Flag,,
SH10838,Warehouse_BOS,San Francisco,OnTrac,8/19/2023,8/25/2023,10.4,45.53,Delivered,255,6,4.377884615,0.17854902,OK,,
SH10839,Warehouse_LA,New York,UPS,9/24/2023,9/27/2023,33.5,88.12,Delivered,420,3,2.630447761,0.209809524,OK,,
SH10840,Warehouse_CHI,Atlanta,LaserShip,8/13/2023,8/19/2023,16.9,192.93,Delivered,1506,6,11.41597633,0.12810757,OK,,
SH10841,Warehouse_MIA,Phoenix,LaserShip,11/8/2023,11/13/2023,25.9,272,Delivered,1763,5,10.5019305,0.154282473,OK,,
SH10842,Warehouse_BOS,Boston,FedEx,3/20/2023,3/24/2023,6.2,217.1,Delivered,1483,4,35.01612903,0.146392448,Flag,,
SH10843,Warehouse_ATL,Boston,FedEx,3/25/2023,3/30/2023,7.3,238.37,Delivered,1921,5,32.65342466,0.124086413,Flag,,
SH10844,Warehouse_SF,Atlanta,LaserShip,8/14/2023,8/19/2023,30.8,251.75,Delivered,1737,5,8.173701299,0.144933794,OK,,
SH10845,Warehouse_BOS,Miami,OnTrac,1/20/2023,1/23/2023,3.6,68.65,Returned,560,3,19.06944444,0.122589286,OK,,
SH10846,Warehouse_HOU,Dallas,OnTrac,1/8/2023,1/11/2023,63.5,192.27,Delivered,1118,3,3.027874016,0.171976744,OK,,
SH10847,Warehouse_CHI,Detroit,FedEx,2/15/2023,2/16/2023,53.7,113.89,Delivered,283,1,2.120856611,0.402438163,OK,,
SH10848,Warehouse_DEN,Seattle,Amazon Logistics,3/23/2023,3/29/2023,10.3,312.01,Delivered,2287,6,30.29223301,0.136427634,Flag,,
SH10849,Warehouse_NYC,Minneapolis,DHL,3/16/2023,3/19/2023,23.7,105.39,Delivered,475,3,4.446835443,0.221873684,OK,,
SH10850,Warehouse_MIA,Atlanta,FedEx,12/16/2023,12/30/2023,12.4,55.37,Delayed,253,1,4.465322581,0.218853755,OK,,
SH10851,Warehouse_CHI,Atlanta,UPS,10/15/2023,10/19/2023,21.5,163.13,Delivered,976,4,7.58744186,0.167141393,OK,,
SH10852,Warehouse_HOU,Denver,FedEx,10/9/2023,10/12/2023,13.7,151.52,Delivered,1030,3,11.05985401,0.147106796,OK,,
SH10853,Warehouse_BOS,Chicago,USPS,2/16/2023,2/20/2023,11.5,215.48,Delivered,1702,4,18.7373913,0.126603995,OK,,
SH10854,Warehouse_DEN,Los Angeles,FedEx,12/24/2023,12/28/2023,7.2,340.75,Returned,2010,4,47.32638889,0.169527363,Flag,,
SH10855,Warehouse_HOU,Seattle,Amazon Logistics,2/27/2023,3/5/2023,12.9,311.31,Delivered,2323,6,24.13255814,0.134012053,Flag,,
SH10856,Warehouse_NYC,Detroit,Amazon Logistics,3/8/2023,3/13/2023,16.3,299.25,Delivered,2263,5,18.35889571,0.13223597,OK,,
SH10857,Warehouse_SEA,Minneapolis,FedEx,11/14/2023,11/17/2023,8.3,166.12,Delivered,1054,3,20.01445783,0.157609108,OK,,
SH10858,Warehouse_SF,Phoenix,FedEx,10/25/2023,10/29/2023,11.6,147.12,Delivered,905,4,12.68275862,0.162563536,OK,,
SH10859,Warehouse_DEN,Atlanta,USPS,8/4/2023,8/9/2023,9.1,144.68,Delivered,1069,5,15.8989011,0.135341441,OK,,
SH10860,Warehouse_BOS,Dallas,UPS,2/11/2023,2/17/2023,26.8,317.7,Delivered,2274,6,11.85447761,0.139709763,OK,,
SH10861,Warehouse_SF,Atlanta,UPS,11/3/2023,11/5/2023,14.9,50,Delivered,161,2,3.355704698,0.310559006,OK,,
SH10862,Warehouse_MIA,Houston,OnTrac,9/20/2023,9/24/2023,139.3,235.27,Delivered,547,4,1.688944724,0.430109689,OK,,
SH10863,Warehouse_NYC,Boston,Amazon Logistics,5/13/2023,5/15/2023,85.2,135.67,Delivered,215,2,1.592370892,0.631023256,OK,,
SH10864,Warehouse_HOU,Boston,FedEx,10/3/2023,10/9/2023,61.4,405.09,Delivered,2282,6,6.597557003,0.177515337,OK,,
SH10865,Warehouse_ATL,Chicago,Amazon Logistics,8/23/2023,9/3/2023,72.5,350.54,Delayed,2411,7,4.835034483,0.145391954,OK,,
SH10866,Warehouse_SEA,Dallas,DHL,6/29/2023,7/2/2023,26.8,176.88,Delivered,1008,3,6.6,0.17547619,OK,,
SH10867,Warehouse_ATL,San Francisco,FedEx,7/8/2023,7/18/2023,34.2,93.52,Delayed,439,3,2.734502924,0.213029613,OK,,
SH10868,Warehouse_ATL,Chicago,FedEx,3/9/2023,,45.4,84.91,Delivered,151,2,1.870264317,0.562317881,OK,,
SH10869,Warehouse_MIA,Seattle,LaserShip,7/8/2023,7/13/2023,64,233.21,Delivered,1235,5,3.64390625,0.188834008,OK,,
SH10870,Warehouse_ATL,Boston,Amazon Logistics,9/9/2023,9/13/2023,32.9,227.09,In Transit,1512,4,6.902431611,0.150191799,OK,,
SH10871,Warehouse_MIA,Seattle,Amazon Logistics,6/4/2023,6/10/2023,81.9,300.38,Delivered,1836,6,3.667643468,0.163605664,OK,,
SH10872,Warehouse_MIA,Boston,OnTrac,4/1/2023,4/8/2023,16.7,340.65,Delivered,2415,7,20.39820359,0.141055901,OK,,
SH10873,Warehouse_SF,Seattle,Amazon Logistics,1/26/2023,2/1/2023,17.4,249.13,Delayed,1969,5,14.31781609,0.126526155,OK,,
SH10874,Warehouse_DEN,Atlanta,OnTrac,7/30/2023,8/2/2023,108.8,204.71,Delivered,784,3,1.881525735,0.261109694,OK,,
SH10875,Warehouse_ATL,San Francisco,LaserShip,1/28/2023,2/2/2023,25.7,227.68,Delivered,1687,5,8.859143969,0.13496147,OK,,
SH10876,Warehouse_BOS,Houston,USPS,6/3/2023,6/8/2023,11.6,214.12,Delivered,1624,5,18.45862069,0.131847291,OK,,
SH10877,Warehouse_ATL,San Francisco,Amazon Logistics,7/30/2023,8/1/2023,27.3,70.85,Delivered,337,2,2.595238095,0.210237389,OK,,
SH10878,Warehouse_SF,Portland,Amazon Logistics,4/3/2023,4/8/2023,11.9,260.02,Delivered,2131,5,21.85042017,0.122017832,Flag,,
SH10879,Warehouse_ATL,Los Angeles,OnTrac,10/4/2023,10/9/2023,125.8,154.81,Delivered,144,5,1.230604134,1.075069444,OK,,
SH10880,Warehouse_HOU,Phoenix,LaserShip,3/17/2023,3/21/2023,24.7,73.47,Delivered,371,4,2.974493927,0.198032345,OK,,
SH10881,Warehouse_DEN,Minneapolis,USPS,7/26/2023,7/31/2023,22.8,287.85,Delivered,2393,5,12.625,0.120288341,OK,,
SH10882,Warehouse_SF,Boston,DHL,5/8/2023,5/13/2023,18.1,236.64,Delivered,1504,5,13.07403315,0.157340426,OK,,
SH10883,Warehouse_DEN,Chicago,Amazon Logistics,10/23/2023,10/30/2023,8.7,296.81,Delivered,2333,7,34.11609195,0.12722246,Flag,,
SH10884,Warehouse_SEA,Dallas,FedEx,10/26/2023,10/27/2023,27.5,68.71,Delivered,303,1,2.498545455,0.226765677,OK,,
SH10885,Warehouse_HOU,Seattle,LaserShip,12/10/2023,12/15/2023,10.5,308.36,In Transit,2147,5,29.36761905,0.143623661,Flag,,
SH10886,Warehouse_DEN,New York,USPS,12/25/2023,1/6/2024,24.8,54.1,Delayed,118,1,2.181451613,0.458474576,OK,,
SH10887,Warehouse_ATL,Boston,Amazon Logistics,11/17/2023,11/23/2023,42.3,378.62,Delivered,2282,6,8.950827423,0.165915863,OK,,
SH10888,Warehouse_CHI,Atlanta,USPS,2/25/2023,3/4/2023,13.5,246,Delivered,2106,7,18.22222222,0.116809117,OK,,
SH10889,Warehouse_LA,Phoenix,OnTrac,5/30/2023,6/2/2023,9.4,61.04,Delivered,373,3,6.493617021,0.163646113,OK,,
SH10890,Warehouse_DEN,San Francisco,OnTrac,5/17/2023,5/21/2023,20.6,219.02,Delivered,1611,4,10.63203883,0.135952824,OK,,
SH10891,Warehouse_NYC,Atlanta,LaserShip,10/15/2023,10/19/2023,75.7,211.3,Delivered,870,4,2.791281374,0.242873563,OK,,
SH10892,Warehouse_SF,New York,LaserShip,11/30/2023,12/1/2023,11.3,29.98,Delivered,104,1,2.653097345,0.288269231,OK,,
SH10893,Warehouse_SF,Dallas,OnTrac,11/17/2023,11/20/2023,10.5,154.75,Delivered,917,3,14.73809524,0.168756816,OK,,
SH10894,Warehouse_LA,Houston,USPS,11/3/2023,11/6/2023,21,186.14,Delivered,1090,3,8.863809524,0.170770642,OK,,
SH10895,Warehouse_CHI,Denver,UPS,12/24/2023,12/26/2023,28.7,188.12,Delivered,1000,2,6.554703833,0.18812,OK,,
SH10896,Warehouse_MIA,Portland,LaserShip,6/6/2023,6/8/2023,14.1,42.48,Delivered,181,2,3.012765957,0.234696133,OK,,
SH10897,Warehouse_HOU,Phoenix,UPS,3/20/2023,3/27/2023,35.7,341.41,Delivered,2300,7,9.563305322,0.14843913,OK,,
SH10898,Warehouse_SF,Denver,OnTrac,9/11/2023,9/16/2023,40.5,175.32,Delivered,1176,5,4.328888889,0.149081633,OK,,
SH10899,Warehouse_HOU,Los Angeles,UPS,3/21/2023,4/5/2023,18.2,150.78,Delayed,915,3,8.284615385,0.164786885,OK,,
SH10900,Warehouse_LA,Los Angeles,DHL,11/8/2023,11/23/2023,11.9,103,Delayed,495,6,8.655462185,0.208080808,OK,,
SH10901,Warehouse_MIA,Minneapolis,DHL,11/15/2023,11/17/2023,24.4,146.91,Delivered,605,2,6.020901639,0.242826446,OK,,
SH10902,Warehouse_LA,Dallas,DHL,11/25/2023,11/28/2023,18,271.66,Delivered,1435,3,15.09222222,0.189310105,OK,,
SH10903,Warehouse_MIA,Los Angeles,Amazon Logistics,9/20/2023,9/25/2023,11.8,268.59,Delivered,1973,5,22.76186441,0.136132793,Flag,,
SH10904,Warehouse_CHI,Minneapolis,LaserShip,4/3/2023,4/6/2023,30.9,46.94,Delivered,106,3,1.519093851,0.442830189,OK,,
SH10905,Warehouse_HOU,Miami,OnTrac,10/23/2023,10/26/2023,59.4,192.19,Delivered,1118,3,3.235521886,0.171905188,OK,,
SH10906,Warehouse_SF,San Francisco,Amazon Logistics,11/28/2023,12/3/2023,40.3,208.84,Delivered,1034,5,5.182133995,0.201972921,OK,,
SH10907,Warehouse_CHI,Seattle,FedEx,11/14/2023,11/19/2023,14,337,Delivered,1878,5,24.07142857,0.179446219,Flag,,
SH10908,Warehouse_SF,Seattle,DHL,4/15/2023,4/19/2023,33.7,302.22,Delivered,1819,4,8.967952522,0.166146234,OK,,
SH10909,Warehouse_SF,Dallas,LaserShip,1/4/2023,1/12/2023,32,327.1,Delivered,2355,8,10.221875,0.138895966,OK,,
SH10910,Warehouse_SF,Boston,Amazon Logistics,2/12/2023,2/17/2023,15.9,308.5,Delivered,2282,5,19.40251572,0.135188431,OK,,
SH10911,Warehouse_BOS,New York,LaserShip,10/20/2023,10/22/2023,31.6,74.81,Delivered,308,2,2.367405063,0.24288961,OK,,
SH10912,Warehouse_SF,Portland,Amazon Logistics,10/9/2023,10/13/2023,16.5,169.6,Lost,1221,4,10.27878788,0.138902539,OK,,
SH10913,Warehouse_BOS,Los Angeles,UPS,10/15/2023,10/29/2023,24.6,150.37,Delayed,852,4,6.112601626,0.17649061,OK,,
SH10914,Warehouse_ATL,Houston,OnTrac,11/13/2023,11/16/2023,22.5,172.21,Delivered,945,3,7.653777778,0.182232804,OK,,
SH10915,Warehouse_BOS,Phoenix,UPS,7/24/2023,7/30/2023,14,295.74,Delivered,2256,6,21.12428571,0.131090426,Flag,,
SH10916,Warehouse_NYC,Minneapolis,FedEx,10/28/2023,10/29/2023,8.1,81.18,Delivered,481,1,10.02222222,0.168773389,OK,,
SH10917,Warehouse_BOS,Portland,Amazon Logistics,5/20/2023,5/24/2023,20,254.01,Delivered,1767,4,12.7005,0.143752122,OK,,
SH10918,Warehouse_MIA,Phoenix,FedEx,5/31/2023,6/7/2023,35.9,140.38,Delivered,788,7,3.910306407,0.178147208,OK,,
SH10919,Warehouse_HOU,Minneapolis,DHL,8/9/2023,8/12/2023,22.5,171.17,Delivered,1017,3,7.607555556,0.168308751,OK,,
SH10920,Warehouse_DEN,Seattle,UPS,1/8/2023,1/12/2023,17.6,242.22,Delivered,1577,4,13.7625,0.153595434,OK,,
SH10921,Warehouse_ATL,Detroit,DHL,3/18/2023,3/20/2023,12.9,74.16,In Transit,419,2,5.748837209,0.17699284,OK,,
SH10922,Warehouse_HOU,Detroit,UPS,8/17/2023,8/23/2023,12.8,6229.12,Delivered,2490,6,486.65,2.501654618,Flag,,
SH10923,Warehouse_MIA,Phoenix,OnTrac,1/25/2023,1/26/2023,71.1,114.32,Delivered,167,1,1.607876231,0.684550898,OK,,
SH10924,Warehouse_BOS,Houston,FedEx,8/23/2023,8/29/2023,13.6,326.71,Delivered,2328,6,24.02279412,0.140339347,Flag,,
SH10925,Warehouse_ATL,New York,OnTrac,4/29/2023,5/2/2023,24.2,107.33,Delivered,669,3,4.435123967,0.160433483,OK,,
SH10926,Warehouse_SF,Denver,OnTrac,12/31/2023,1/2/2024,39.7,130.73,Delivered,468,2,3.292947103,0.279337607,OK,,
SH10927,Warehouse_DEN,San Francisco,Amazon Logistics,3/6/2023,3/9/2023,9.4,84.83,Delivered,563,3,9.024468085,0.150674956,OK,,
SH10928,Warehouse_MIA,Phoenix,Amazon Logistics,10/24/2023,10/28/2023,13.6,187.79,Delivered,1584,4,13.80808824,0.118554293,OK,,
SH10929,Warehouse_SEA,Minneapolis,USPS,5/21/2023,5/26/2023,32.5,252.22,Delivered,2107,5,7.760615385,0.119705743,OK,,
SH10930,Warehouse_MIA,Los Angeles,UPS,12/1/2023,12/5/2023,23.3,266.08,Delivered,1473,4,11.41974249,0.180638153,OK,,
SH10931,Warehouse_NYC,Denver,DHL,6/23/2023,6/26/2023,88.7,196.15,Delivered,509,3,2.211386697,0.385363458,OK,,
SH10932,Warehouse_ATL,Minneapolis,OnTrac,4/4/2023,4/6/2023,36.3,74.96,Delivered,253,2,2.065013774,0.296284585,OK,,
SH10933,Warehouse_SF,Boston,OnTrac,9/2/2023,9/5/2023,36.5,128,Delivered,757,3,3.506849315,0.169088507,OK,,
SH10934,Warehouse_SEA,San Francisco,USPS,4/27/2023,5/1/2023,26.9,221.1,Delivered,1796,4,8.219330855,0.123106904,OK,,
SH10935,Warehouse_SEA,Seattle,FedEx,6/27/2023,7/2/2023,4.4,301.81,Delivered,2087,5,68.59318182,0.144614279,Flag,,
SH10936,Warehouse_BOS,Chicago,LaserShip,3/31/2023,4/3/2023,16.5,152.12,Delivered,1027,3,9.219393939,0.14812074,OK,,
SH10937,Warehouse_ATL,Denver,FedEx,2/2/2023,2/9/2023,11.8,306.43,Delivered,2442,7,25.96864407,0.12548321,Flag,,
SH10938,Warehouse_SF,San Francisco,FedEx,12/6/2023,12/10/2023,22.4,162.76,Delivered,862,4,7.266071429,0.188816705,OK,,
SH10939,Warehouse_HOU,Dallas,FedEx,7/17/2023,7/30/2023,9.3,108.95,Delayed,813,3,11.71505376,0.13400984,OK,,
SH10940,Warehouse_DEN,Minneapolis,FedEx,1/29/2023,2/7/2023,40.9,307.96,Delivered,1805,9,7.529584352,0.170614958,OK,,
SH10941,Warehouse_NYC,Minneapolis,FedEx,12/28/2023,1/7/2024,11.8,345.46,Delayed,1958,5,29.27627119,0.176435138,Flag,,
SH10942,Warehouse_SF,New York,Amazon Logistics,4/28/2023,5/4/2023,10.1,221.55,Delivered,1943,6,21.93564356,0.114024704,Flag,,
SH10943,Warehouse_CHI,Chicago,Amazon Logistics,11/1/2023,11/8/2023,8.9,390.8,Delivered,2441,7,43.91011236,0.16009832,Flag,,
SH10944,Warehouse_NYC,Phoenix,USPS,5/18/2023,4/18/2023,55.4,237.06,In Transit,1644,5,4.279061372,0.14419708,OK,,
SH10945,Warehouse_HOU,Portland,LaserShip,10/7/2023,10/10/2023,7.1,164.49,Delivered,1336,3,23.16760563,0.123121257,Flag,,
SH10946,Warehouse_LA,Portland,UPS,1/23/2023,1/27/2023,45.4,172.09,Delivered,1050,4,3.790528634,0.163895238,OK,,
SH10947,Warehouse_ATL,Atlanta,UPS,10/17/2023,10/23/2023,53.8,334.19,Delivered,2107,6,6.211710037,0.158609397,OK,,
SH10948,Warehouse_MIA,Dallas,UPS,4/17/2023,4/19/2023,20,96.84,Delivered,517,2,4.842,0.187311412,OK,,
SH10949,Warehouse_ATL,Dallas,UPS,11/17/2023,12/3/2023,47.6,267.76,Delayed,1263,4,5.625210084,0.212003167,OK,,
SH10950,Warehouse_SF,Dallas,LaserShip,3/4/2023,3/7/2023,14.9,148,Delivered,1154,3,9.932885906,0.128249567,OK,,
SH10951,Warehouse_ATL,San Francisco,OnTrac,7/20/2023,7/24/2023,62.4,118.11,Delivered,407,4,1.892788462,0.29019656,OK,,
SH10952,Warehouse_NYC,Los Angeles,FedEx,8/21/2023,8/27/2023,28.3,318.34,Delivered,2076,6,11.24876325,0.153342967,OK,,
SH10953,Warehouse_NYC,Denver,USPS,9/27/2023,10/3/2023,26.6,295.92,Delivered,2346,6,11.12481203,0.126138107,OK,,
SH10954,Warehouse_BOS,Portland,Amazon Logistics,2/7/2023,2/9/2023,29.9,108.93,Delivered,576,2,3.643143813,0.189114583,OK,,
SH10955,Warehouse_MIA,Atlanta,DHL,1/28/2023,2/2/2023,5.1,236.05,Delivered,1773,5,46.28431373,0.133135928,Flag,,
SH10956,Warehouse_DEN,Atlanta,LaserShip,6/21/2023,6/24/2023,24.3,160.77,In Transit,1144,3,6.616049383,0.140533217,OK,,
SH10957,Warehouse_SEA,Boston,FedEx,9/6/2023,9/11/2023,75,402.46,Delivered,2200,5,5.366133333,0.182936364,OK,,
SH10958,Warehouse_SEA,Denver,OnTrac,7/16/2023,7/21/2023,29.6,276.98,Delivered,2049,5,9.357432432,0.135178136,OK,,
SH10959,Warehouse_HOU,Denver,OnTrac,12/4/2023,12/11/2023,3.2,140.8,Delivered,1030,7,44,0.136699029,Flag,,
SH10960,Warehouse_NYC,Dallas,DHL,4/5/2023,4/15/2023,18.9,196.91,Delivered,1319,10,10.41851852,0.149287339,OK,,
SH10961,Warehouse_ATL,Miami,UPS,10/20/2023,10/22/2023,16.1,102.41,Delivered,625,2,6.360869565,0.163856,OK,,
SH10962,Warehouse_CHI,Detroit,OnTrac,2/19/2023,2/22/2023,36.7,80.24,Delivered,283,3,2.186376022,0.283533569,OK,,
SH10963,Warehouse_DEN,Boston,LaserShip,8/25/2023,8/30/2023,49.6,169.64,Delivered,820,5,3.42016129,0.206878049,OK,,
SH10964,Warehouse_CHI,Chicago,USPS,5/27/2023,5/29/2023,7.2,,Delivered,858,2,0,0,OK,,
SH10965,Warehouse_ATL,San Francisco,DHL,6/13/2023,6/20/2023,24.2,318.03,In Transit,2036,7,13.14173554,0.15620334,OK,,
SH10966,Warehouse_CHI,Atlanta,UPS,3/11/2023,3/15/2023,18.6,264.57,Delivered,1771,4,14.22419355,0.149390175,OK,,
SH10967,Warehouse_BOS,Seattle,FedEx,5/19/2023,5/24/2023,26.6,302.89,Delivered,1841,5,11.38684211,0.164524715,OK,,
SH10968,Warehouse_SEA,Denver,UPS,1/13/2023,1/17/2023,27.5,272.07,Delivered,1875,4,9.893454545,0.145104,OK,,
SH10969,Warehouse_HOU,Miami,FedEx,6/30/2023,7/2/2023,30.9,81.65,Delivered,297,2,2.642394822,0.274915825,OK,,
SH10970,Warehouse_ATL,Phoenix,UPS,9/5/2023,9/9/2023,11.9,193.89,Delivered,1290,4,16.29327731,0.150302326,OK,,
SH10971,Warehouse_BOS,Denver,OnTrac,8/13/2023,8/18/2023,16.3,25.2,Delivered,2033,5,1.54601227,0.012395475,OK,,
SH10972,Warehouse_HOU,Houston,UPS,12/16/2023,12/23/2023,24.7,179.53,Delivered,974,7,7.268421053,0.184322382,OK,,
SH10973,Warehouse_MIA,Portland,FedEx,10/21/2023,10/25/2023,32.3,233.32,Delivered,1492,4,7.223529412,0.156380697,OK,,
SH10974,Warehouse_MIA,Miami,UPS,11/22/2023,12/11/2023,32,348,Delayed,2060,8,10.875,0.168932039,OK,,
SH10975,Warehouse_DEN,New York,Amazon Logistics,7/8/2023,7/21/2023,20.2,248.02,Delayed,2051,5,12.27821782,0.120926377,OK,,
SH10976,Warehouse_HOU,New York,UPS,6/3/2023,6/9/2023,17.7,309.3,Delivered,2198,6,17.47457627,0.140718835,OK,,
SH10977,Warehouse_LA,Dallas,LaserShip,3/28/2023,3/31/2023,19.7,199,Delivered,1435,3,10.10152284,0.138675958,OK,,
SH10978,Warehouse_DEN,Detroit,Amazon Logistics,12/13/2023,12/17/2023,23.1,221.08,Delivered,1280,4,9.570562771,0.17271875,OK,,
SH10979,Warehouse_LA,New York,DHL,3/23/2023,4/7/2023,9.6,82.64,Delayed,490,4,8.608333333,0.168653061,OK,,
SH10980,Warehouse_SEA,Los Angeles,USPS,9/15/2023,9/19/2023,7.9,161.43,Delivered,1355,4,20.43417722,0.119136531,OK,,
SH10981,Warehouse_MIA,Portland,FedEx,3/22/2023,3/25/2023,16,178.47,Delivered,1288,3,11.154375,0.138563665,OK,,
SH10982,Warehouse_MIA,Seattle,DHL,4/4/2023,4/7/2023,66.1,217.51,Delivered,779,3,3.290620272,0.279216945,OK,,
SH10983,Warehouse_MIA,Chicago,USPS,8/11/2023,8/17/2023,27,210.66,Lost,1555,6,7.802222222,0.135472669,OK,,
SH10984,Warehouse_HOU,Miami,DHL,10/4/2023,10/8/2023,20,276.56,Delivered,1631,4,13.828,0.169564684,OK,,
SH10985,Warehouse_CHI,Chicago,UPS,7/12/2023,7/16/2023,45,108.75,Delivered,400,4,2.416666667,0.271875,OK,,
SH10986,Warehouse_LA,Los Angeles,OnTrac,12/18/2023,12/24/2023,42.1,285.71,Delivered,1460,6,6.786460808,0.195691781,OK,,
SH10987,Warehouse_SEA,Denver,LaserShip,5/2/2023,5/6/2023,27.6,151.22,Delayed,1095,3,5.478985507,0.138100457,OK,,
SH10988,Warehouse_DEN,Atlanta,FedEx,5/16/2023,5/18/2023,16,70.65,Delivered,336,2,4.415625,0.210267857,OK,,
SH10989,Warehouse_LA,San Francisco,Amazon Logistics,12/18/2023,12/23/2023,19,224,Delivered,1524,5,11.78947368,0.146981627,OK,,
SH10990,Warehouse_ATL,San Francisco,OnTrac,1/23/2023,1/26/2023,10.4,96.85,Delivered,762,3,9.3125,0.127099738,OK,,
SH10991,Warehouse_DEN,Seattle,FedEx,5/20/2023,5/26/2023,24.2,223.55,In Transit,1524,6,9.237603306,0.146686352,OK,,
SH10992,Warehouse_HOU,Minneapolis,USPS,9/11/2023,9/13/2023,25.5,109.88,Delivered,688,2,4.309019608,0.159709302,OK,,
SH10993,Warehouse_ATL,Detroit,DHL,6/25/2023,6/30/2023,20,357.86,Delivered,2339,5,17.893,0.152997007,OK,,
SH10994,Warehouse_MIA,Portland,DHL,4/23/2023,4/29/2023,19.1,302.52,Delivered,2132,6,15.83874346,0.141894934,OK,,
SH10995,Warehouse_BOS,Boston,OnTrac,12/27/2023,12/31/2023,8,211.44,Delivered,1257,4,26.43,0.168210024,Flag,,
SH10996,Warehouse_SEA,San Francisco,OnTrac,11/29/2023,12/3/2023,25.4,145.24,Delivered,749,4,5.718110236,0.193911883,OK,,
SH10997,Warehouse_HOU,New York,Amazon Logistics,2/13/2023,2/16/2023,11.6,99.14,Delivered,773,3,8.546551724,0.128253558,OK,,
SH10998,Warehouse_ATL,Denver,DHL,5/13/2023,5/16/2023,14.9,55.89,Delayed,228,2,3.751006711,0.245131579,OK,,
SH10999,Warehouse_HOU,New York,LaserShip,11/14/2023,11/21/2023,19.4,348.76,Delivered,2417,7,17.97731959,0.14429458,OK,,
SH11000,Warehouse_DEN,Chicago,FedEx,10/26/2023,10/29/2023,3.4,77.16,Delivered,500,3,22.69411765,0.15432,Flag,,
SH11001,Warehouse_BOS,Detroit,USPS,1/16/2023,1/19/2023,50.5,116.2,Delivered,493,3,2.300990099,0.235699797,OK,,
SH11002,Warehouse_ATL,Minneapolis,DHL,8/5/2023,8/19/2023,29.7,98.25,Delayed,456,1,3.308080808,0.215460526,OK,,
SH11003,Warehouse_MIA,Los Angeles,Amazon Logistics,12/31/2023,1/5/2024,11.7,108.46,Delivered,612,5,9.27008547,0.177222222,OK,,
SH11004,Warehouse_ATL,Atlanta,OnTrac,10/10/2023,10/15/2023,0.3,281.6,Delivered,2137,5,938.6666667,0.131773514,Flag,,
SH11005,Warehouse_SEA,Atlanta,DHL,10/27/2023,10/30/2023,27.6,157,Delivered,850,3,5.688405797,0.184705882,OK,,
SH11006,Warehouse_CHI,Detroit,Amazon Logistics,8/20/2023,8/25/2023,6.9,39.81,Delayed,283,3,5.769565217,0.140671378,OK,,
SH11007,Warehouse_DEN,Minneapolis,FedEx,3/7/2023,3/19/2023,5.4,184.97,Delayed,1364,6,34.2537037,0.135608504,Flag,,
SH11008,Warehouse_BOS,Phoenix,DHL,8/9/2023,8/15/2023,20.6,317.6,Delivered,1975,6,15.41747573,0.160810127,OK,,
SH11009,Warehouse_NYC,Chicago,LaserShip,4/19/2023,4/22/2023,10.1,104.49,Delivered,790,3,10.34554455,0.132265823,OK,,
SH11010,Warehouse_MIA,New York,DHL,10/30/2023,11/4/2023,17,252.92,Delivered,1685,5,14.87764706,0.15010089,OK,,
SH11011,Warehouse_CHI,Denver,FedEx,9/15/2023,9/18/2023,30.9,179.89,Delivered,1000,3,5.821682848,0.17989,OK,,
SH11012,Warehouse_SEA,Houston,OnTrac,4/26/2023,5/2/2023,8.2,306.04,Delivered,2254,6,37.32195122,0.135776398,Flag,,
SH11013,Warehouse_LA,Atlanta,FedEx,6/11/2023,6/16/2023,37.6,305.62,Delivered,1761,5,8.128191489,0.17354912,OK,,
SH11014,Warehouse_ATL,Denver,FedEx,5/28/2023,6/3/2023,78.7,309.33,Delivered,1394,6,3.930495553,0.221901004,OK,,
SH11015,Warehouse_CHI,Los Angeles,USPS,11/26/2023,11/30/2023,59.8,203.1,Delivered,789,4,3.39632107,0.257414449,OK,,
SH11016,Warehouse_MIA,Houston,LaserShip,8/14/2023,8/19/2023,21.4,113.32,Lost,790,5,5.295327103,0.143443038,OK,,
SH11017,Warehouse_ATL,Dallas,OnTrac,5/12/2023,5/18/2023,50.3,257.68,Delivered,1485,6,5.122862823,0.173521886,OK,,
SH11018,Warehouse_SEA,San Francisco,Amazon Logistics,8/6/2023,8/10/2023,23.7,280.45,Returned,2017,4,11.83333333,0.139043133,OK,,
SH11019,Warehouse_MIA,Detroit,UPS,2/22/2023,2/27/2023,43.5,324.49,Delivered,2021,5,7.45954023,0.160559129,OK,,
SH11020,Warehouse_NYC,Boston,UPS,9/23/2023,9/28/2023,14.9,,Delayed,215,1,0,0,OK,,
SH11021,Warehouse_NYC,Denver,OnTrac,3/28/2023,4/4/2023,16.7,200.43,Delivered,1466,7,12.00179641,0.136718963,OK,,
SH11022,Warehouse_BOS,Boston,FedEx,3/15/2023,3/17/2023,12.8,94.48,Delivered,626,2,7.38125,0.150926518,OK,,
SH11023,Warehouse_DEN,Atlanta,OnTrac,2/20/2023,2/23/2023,3.5,138.85,Delivered,1063,3,39.67142857,0.130620884,Flag,,
SH11024,Warehouse_NYC,Atlanta,UPS,4/16/2023,4/18/2023,166.1,337.18,Delivered,870,2,2.029981939,0.387563218,OK,,
SH11025,Warehouse_BOS,Chicago,FedEx,8/23/2023,8/28/2023,21.8,325.09,Delivered,2387,5,14.91238532,0.136191873,OK,,
SH11026,Warehouse_LA,San Francisco,Amazon Logistics,4/29/2023,5/3/2023,25.3,172.77,Delivered,1260,4,6.828853755,0.137119048,OK,,
SH11027,Warehouse_DEN,Dallas,OnTrac,2/16/2023,3/2/2023,8.5,228.43,Delayed,1754,4,26.87411765,0.130233751,Flag,,
SH11028,Warehouse_SF,Detroit,UPS,8/29/2023,9/1/2023,12.4,129.81,In Transit,842,3,10.46854839,0.154168646,OK,,
SH11029,Warehouse_SF,New York,FedEx,6/21/2023,6/25/2023,40.7,240.08,Delivered,1457,4,5.898771499,0.164776939,OK,,
SH11030,Warehouse_SF,Detroit,OnTrac,6/10/2023,6/17/2023,17.3,300.85,Delivered,2372,7,17.39017341,0.126833895,OK,,
SH11031,Warehouse_BOS,Denver,OnTrac,7/26/2023,7/31/2023,12.9,276.52,Delivered,1986,5,21.43565891,0.139234642,Flag,,
SH11032,Warehouse_SF,Seattle,UPS,6/10/2023,6/12/2023,27.3,54.83,Delivered,128,2,2.008424908,0.428359375,OK,,
SH11033,Warehouse_NYC,Phoenix,OnTrac,12/23/2023,12/25/2023,20.2,82.02,Delivered,426,2,4.06039604,0.192535211,OK,,
SH11034,Warehouse_DEN,San Francisco,FedEx,5/22/2023,5/27/2023,22.6,256.62,In Transit,1708,5,11.35486726,0.150245902,OK,,
SH11035,Warehouse_BOS,New York,OnTrac,12/23/2023,1/1/2024,15.2,261.44,Delayed,1561,3,17.2,0.167482383,OK,,
SH11036,Warehouse_CHI,Phoenix,OnTrac,6/9/2023,6/23/2023,18.4,156.75,Delayed,1064,5,8.519021739,0.147321429,OK,,
SH11037,Warehouse_LA,Chicago,DHL,3/15/2023,3/20/2023,14.7,292.83,Delivered,1842,5,19.92040816,0.158973941,OK,,
SH11038,Warehouse_ATL,Seattle,LaserShip,10/5/2023,10/11/2023,41.9,129.64,Delivered,670,6,3.094033413,0.193492537,OK,,
SH11039,Warehouse_SF,Atlanta,UPS,10/4/2023,10/8/2023,9.4,208.22,Delivered,1675,4,22.15106383,0.124310448,Flag,,
SH11040,Warehouse_CHI,Boston,FedEx,9/5/2023,9/15/2023,8.4,237.7,Delayed,1854,5,28.29761905,0.128209277,Flag,,
SH11041,Warehouse_MIA,San Francisco,DHL,4/8/2023,4/15/2023,20.5,369.7,Delivered,2249,7,18.03414634,0.164384171,OK,,
SH11042,Warehouse_SF,Miami,OnTrac,6/15/2023,6/23/2023,16.4,264.86,Delayed,1947,4,16.15,0.136034926,OK,,
SH11043,Warehouse_ATL,Portland,UPS,12/30/2023,12/31/2023,19.9,66.41,Delivered,229,1,3.33718593,0.29,OK,,
SH11044,Warehouse_SF,Minneapolis,USPS,3/26/2023,3/28/2023,45.5,87.93,Delivered,399,2,1.932527473,0.22037594,OK,,
SH11045,Warehouse_SEA,Los Angeles,LaserShip,8/23/2023,8/26/2023,31.8,101.3,In Transit,519,3,3.185534591,0.195183044,OK,,
SH11046,Warehouse_LA,Houston,FedEx,2/20/2023,2/24/2023,20.3,232.45,Delivered,1505,4,11.45073892,0.154451827,OK,,
SH11047,Warehouse_SEA,Denver,UPS,6/7/2023,6/12/2023,34.3,295.73,Delivered,2017,5,8.621865889,0.146618741,OK,,
SH11048,Warehouse_NYC,Phoenix,Amazon Logistics,4/11/2023,4/18/2023,12.7,285.48,Lost,2264,7,22.47874016,0.126095406,Flag,,
SH11049,Warehouse_SF,San Francisco,USPS,11/6/2023,11/11/2023,53.3,343.47,Delivered,2222,5,6.444090056,0.154576958,OK,,
SH11050,Warehouse_DEN,Dallas,OnTrac,10/4/2023,10/10/2023,85.3,406.22,Delivered,2470,6,4.762250879,0.164461538,OK,,
SH11051,Warehouse_SF,Denver,DHL,8/16/2023,8/20/2023,18.1,205.49,Delivered,1418,4,11.35303867,0.144915374,OK,,
SH11052,Warehouse_NYC,Dallas,DHL,8/16/2023,8/23/2023,8.2,257.45,Delivered,1838,7,31.39634146,0.140070729,Flag,,
SH11053,Warehouse_DEN,Atlanta,LaserShip,1/14/2023,1/15/2023,14.4,50.76,Delivered,253,1,3.525,0.200632411,OK,,
SH11054,Warehouse_DEN,Houston,LaserShip,12/23/2023,12/27/2023,4.3,218.11,Delivered,1565,4,50.72325581,0.139367412,Flag,,
SH11055,Warehouse_ATL,Atlanta,OnTrac,9/10/2023,9/14/2023,57.1,259.94,Delivered,1447,4,4.552364273,0.179640636,OK,,
SH11056,Warehouse_BOS,New York,UPS,8/5/2023,8/8/2023,18,63.23,Delivered,312,3,3.512777778,0.202660256,OK,,
SH11057,Warehouse_BOS,Phoenix,LaserShip,7/18/2023,7/19/2023,27.5,41.66,Delivered,101,1,1.514909091,0.412475248,OK,,
SH11058,Warehouse_DEN,Denver,OnTrac,1/17/2023,1/21/2023,20.7,179.54,Delivered,1413,4,8.673429952,0.127062987,OK,,
SH11059,Warehouse_HOU,Seattle,FedEx,5/2/2023,5/6/2023,14.5,88.92,Delivered,581,4,6.132413793,0.153046472,OK,,
SH11060,Warehouse_NYC,Houston,DHL,12/25/2023,1/3/2024,9.3,223.05,Delayed,1331,3,23.98387097,0.167580766,Flag,,
SH11061,Warehouse_SF,Dallas,UPS,1/22/2023,1/27/2023,10.3,237.92,Delivered,1737,5,23.09902913,0.13697179,Flag,,
SH11062,Warehouse_HOU,Detroit,DHL,5/10/2023,5/22/2023,31.3,323.1,Delayed,1873,5,10.32268371,0.172504004,OK,,
SH11063,Warehouse_MIA,Denver,LaserShip,12/12/2023,12/15/2023,14.3,88.88,Delivered,489,3,6.215384615,0.181758691,OK,,
SH11064,Warehouse_ATL,Miami,LaserShip,7/6/2023,7/12/2023,42.3,297.4,Delivered,2310,6,7.030732861,0.128744589,OK,,
SH11065,Warehouse_LA,Atlanta,DHL,1/4/2023,1/9/2023,55.9,321.41,Delivered,1931,5,5.749731664,0.166447437,OK,,
SH11066,Warehouse_CHI,Portland,Amazon Logistics,10/14/2023,10/17/2023,8,33.03,Delivered,207,3,4.12875,0.159565217,OK,,
SH11067,Warehouse_BOS,Denver,UPS,7/19/2023,8/1/2023,25.9,323.47,Delayed,2279,7,12.48918919,0.141935059,OK,,
SH11068,Warehouse_SEA,Dallas,UPS,5/4/2023,5/9/2023,11.6,196.42,Delivered,1463,5,16.93275862,0.134258373,OK,,
SH11069,Warehouse_CHI,Portland,Amazon Logistics,7/2/2023,7/4/2023,20.2,129.06,Delivered,780,2,6.389108911,0.165461538,OK,,
SH11070,Warehouse_ATL,Minneapolis,FedEx,5/9/2023,5/11/2023,21.9,101.98,Delivered,506,2,4.656621005,0.201541502,OK,,
SH11071,Warehouse_DEN,Dallas,Amazon Logistics,1/20/2023,1/29/2023,10.3,310.92,Delivered,2349,9,30.18640777,0.132362708,Flag,,
SH11072,Warehouse_ATL,New York,LaserShip,12/5/2023,12/7/2023,7,114.15,Delivered,704,2,16.30714286,0.162144886,OK,,
SH11073,Warehouse_NYC,Portland,USPS,10/1/2023,10/7/2023,37.4,165.48,Delivered,1209,6,4.42459893,0.136873449,OK,,
SH11074,Warehouse_CHI,Miami,Amazon Logistics,8/23/2023,8/27/2023,13.9,163.87,Delivered,1350,4,11.78920863,0.121385185,OK,,
SH11075,Warehouse_LA,Boston,Amazon Logistics,10/15/2023,10/21/2023,6,162.4,Delivered,1231,6,27.06666667,0.131925264,Flag,,
SH11076,Warehouse_NYC,Dallas,OnTrac,4/17/2023,4/19/2023,32.4,81.15,Delivered,415,2,2.50462963,0.195542169,OK,,
SH11077,Warehouse_ATL,Phoenix,USPS,5/31/2023,6/2/2023,21.1,49.8,Delivered,270,2,2.360189573,0.184444444,OK,,
SH11078,Warehouse_ATL,Houston,Amazon Logistics,7/5/2023,7/10/2023,66.5,94.15,Delivered,155,5,1.415789474,0.607419355,OK,,
SH11079,Warehouse_NYC,Detroit,UPS,12/15/2023,12/21/2023,19.5,354.28,Delivered,2393,6,18.16820513,0.148048475,OK,,
SH11080,Warehouse_HOU,Dallas,UPS,10/9/2023,10/14/2023,7.6,108.9,Delivered,772,5,14.32894737,0.141062176,OK,,
SH11081,Warehouse_CHI,Miami,Amazon Logistics,7/23/2023,7/26/2023,84.6,260.78,In Transit,1350,3,3.08250591,0.19317037,OK,,
SH11082,Warehouse_DEN,San Francisco,DHL,9/5/2023,9/16/2023,26.7,243.13,Delayed,1505,5,9.105992509,0.161548173,OK,,
SH11083,Warehouse_SF,Portland,Amazon Logistics,6/29/2023,7/1/2023,22.6,115.12,Delivered,719,2,5.09380531,0.160111266,OK,,
SH11084,Warehouse_DEN,Phoenix,FedEx,12/18/2023,12/21/2023,31,227.94,Delivered,1045,3,7.352903226,0.218124402,OK,,
SH11085,Warehouse_SF,Atlanta,FedEx,10/17/2023,10/21/2023,22.9,178.45,Delivered,1185,4,7.792576419,0.150590717,OK,,
SH11086,Warehouse_ATL,Boston,UPS,9/11/2023,9/17/2023,41.5,338.34,Delivered,2120,6,8.152771084,0.15959434,OK,,
SH11087,Warehouse_BOS,Portland,OnTrac,11/7/2023,11/12/2023,40,437.26,Delivered,2431,5,10.9315,0.179868367,OK,,
SH11088,Warehouse_BOS,New York,DHL,10/24/2023,10/26/2023,3.5,105.56,Delivered,799,2,30.16,0.132115144,Flag,,
SH11089,Warehouse_LA,Detroit,LaserShip,10/28/2023,10/31/2023,70.4,166.43,Delivered,795,3,2.3640625,0.209345912,OK,,
SH11090,Warehouse_LA,Detroit,DHL,12/22/2023,12/25/2023,17.5,100.77,Delivered,427,3,5.758285714,0.235995316,OK,,
SH11091,Warehouse_SF,Atlanta,LaserShip,7/26/2023,8/7/2023,15.5,130.67,Delayed,1035,3,8.430322581,0.126251208,OK,,
SH11092,Warehouse_NYC,Portland,DHL,7/29/2023,8/2/2023,26.5,292.13,Delivered,1670,4,11.02377358,0.174928144,OK,,
SH11093,Warehouse_BOS,Portland,Amazon Logistics,5/3/2023,5/15/2023,7.7,226.92,Delivered,1895,12,29.47012987,0.119746702,Flag,,
SH11094,Warehouse_ATL,Miami,Amazon Logistics,5/24/2023,5/28/2023,31.7,134.57,Delivered,862,4,4.24511041,0.156113689,OK,,
SH11095,Warehouse_SF,New York,DHL,5/24/2023,5/28/2023,15.3,271.25,Delivered,1709,4,17.72875817,0.158718549,OK,,
SH11096,Warehouse_NYC,Phoenix,FedEx,5/15/2023,5/21/2023,7.1,304.96,Delivered,2397,6,42.95211268,0.127225699,Flag,,
SH11097,Warehouse_HOU,Portland,FedEx,1/11/2023,1/17/2023,90.3,248.01,Delivered,1076,6,2.746511628,0.230492565,OK,,
SH11098,Warehouse_LA,San Francisco,LaserShip,3/31/2023,4/4/2023,30.3,127.04,Delivered,862,4,4.192739274,0.14737819,OK,,
SH11099,Warehouse_DEN,Atlanta,OnTrac,10/25/2023,10/31/2023,12.6,158.56,Delivered,1256,6,12.58412698,0.126242038,OK,,
SH11100,Warehouse_NYC,Miami,FedEx,9/9/2023,9/13/2023,15,185.82,Delivered,1368,4,12.388,0.135833333,OK,,
SH11101,Warehouse_CHI,Miami,OnTrac,1/2/2023,1/20/2023,57.4,222.36,Delayed,1350,5,3.873867596,0.164711111,OK,,
SH11102,Warehouse_ATL,Houston,UPS,11/22/2023,11/27/2023,61.5,383.67,Delivered,1976,5,6.238536585,0.19416498,OK,,
SH11103,Warehouse_LA,San Francisco,FedEx,8/18/2023,8/24/2023,7.7,49.02,In Transit,313,6,6.366233766,0.156613419,OK,,
SH11104,Warehouse_HOU,Denver,FedEx,12/2/2023,12/5/2023,53.7,255.13,Delivered,1030,3,4.751024209,0.247699029,OK,,
SH11105,Warehouse_LA,San Francisco,LaserShip,8/3/2023,8/10/2023,54.6,6562.21,Delivered,1942,7,120.1869963,3.379098867,Flag,,
SH11106,Warehouse_DEN,San Francisco,UPS,3/12/2023,3/15/2023,19,180.68,Delivered,1291,3,9.509473684,0.139953524,OK,,
SH11107,Warehouse_SEA,Portland,FedEx,11/25/2023,12/4/2023,12.6,291.61,Delayed,1899,5,23.14365079,0.153559768,Flag,,
SH11108,Warehouse_BOS,Miami,UPS,6/26/2023,7/1/2023,54.3,314.48,Delivered,1853,5,5.791528545,0.169713977,OK,,
SH11109,Warehouse_LA,Dallas,DHL,1/8/2023,1/11/2023,11.8,193.89,Delivered,1435,3,16.43135593,0.135114983,OK,,
SH11110,Warehouse_NYC,Portland,FedEx,8/1/2023,8/7/2023,22.9,358.05,Delivered,2443,6,15.63537118,0.146561605,OK,,
SH11111,Warehouse_SEA,San Francisco,USPS,2/8/2023,2/10/2023,24.1,80.77,Delivered,531,2,3.351452282,0.152109228,OK,,
SH11112,Warehouse_HOU,Houston,USPS,5/30/2023,5/31/2023,24.2,44.49,Delivered,134,1,1.838429752,0.332014925,OK,,
SH11113,Warehouse_SF,Seattle,FedEx,6/28/2023,7/3/2023,54.5,373.97,Delivered,2490,5,6.861834862,0.150188755,OK,,
SH11114,Warehouse_CHI,Los Angeles,Amazon Logistics,2/26/2023,3/7/2023,26.2,282.94,Delivered,2291,9,10.79923664,0.123500655,OK,,
SH11115,Warehouse_HOU,Atlanta,DHL,3/2/2023,3/7/2023,17.8,123.19,Delivered,800,5,6.920786517,0.1539875,OK,,
SH11116,Warehouse_LA,Miami,LaserShip,12/17/2023,12/21/2023,16.4,316.52,Returned,1914,4,19.3,0.165370951,OK,,
SH11117,Warehouse_DEN,Detroit,USPS,4/1/2023,,10.8,218.34,Delivered,1937,5,20.21666667,0.112720702,OK,,
SH11118,Warehouse_ATL,Dallas,Amazon Logistics,1/25/2023,1/30/2023,44.6,209.38,Delivered,1333,5,4.694618834,0.157074269,OK,,
SH11119,Warehouse_BOS,Seattle,USPS,12/29/2023,1/4/2024,6.7,88.73,Delivered,627,6,13.24328358,0.141515152,OK,,
SH11120,Warehouse_NYC,Houston,FedEx,11/28/2023,12/2/2023,54.5,232.49,Delivered,866,4,4.26587156,0.268464203,OK,,
SH11121,Warehouse_SEA,Boston,FedEx,8/27/2023,9/1/2023,17.2,248.83,Delivered,1896,5,14.46686047,0.131239451,OK,,
SH11122,Warehouse_LA,San Francisco,FedEx,9/12/2023,9/18/2023,30.8,314.99,Delivered,1981,6,10.22694805,0.159005553,OK,,
SH11123,Warehouse_MIA,Houston,UPS,3/2/2023,3/3/2023,14,50.83,In Transit,266,1,3.630714286,0.191090226,OK,,
SH11124,Warehouse_NYC,Houston,UPS,3/31/2023,4/4/2023,7.9,219.09,Delivered,1665,4,27.73291139,0.131585586,Flag,,
SH11125,Warehouse_DEN,New York,DHL,12/25/2023,12/29/2023,14.3,256.96,Delivered,1446,4,17.96923077,0.177704011,OK,,
SH11126,Warehouse_HOU,Miami,UPS,8/31/2023,9/2/2023,40.7,140.21,Delivered,807,2,3.444963145,0.173742255,OK,,
SH11127,Warehouse_NYC,Phoenix,FedEx,9/17/2023,9/23/2023,24.5,300.24,Delivered,1863,6,12.25469388,0.16115942,OK,,
SH11128,Warehouse_DEN,Phoenix,LaserShip,8/12/2023,8/19/2023,28.4,95.99,Delayed,496,1,3.379929577,0.193528226,OK,,
SH11129,Warehouse_SEA,Phoenix,USPS,10/24/2023,10/28/2023,21.5,200.39,Delivered,1391,4,9.320465116,0.144061826,OK,,
SH11130,Warehouse_NYC,Dallas,DHL,6/10/2023,6/11/2023,18.2,77.4,Delivered,361,1,4.252747253,0.214404432,OK,,
SH11131,Warehouse_HOU,Minneapolis,UPS,11/29/2023,12/5/2023,1.1,394.62,Delivered,2484,6,358.7454545,0.158864734,Flag,,
SH11132,Warehouse_BOS,Minneapolis,LaserShip,12/17/2023,12/31/2023,35.4,212.98,Delayed,1171,5,6.016384181,0.181878736,OK,,
SH11133,Warehouse_BOS,Chicago,UPS,7/12/2023,7/17/2023,10.4,107.97,Delivered,810,5,10.38173077,0.133296296,OK,,
SH11134,Warehouse_BOS,Atlanta,USPS,2/7/2023,2/11/2023,15.6,159.13,Delivered,1230,4,10.20064103,0.129373984,OK,,
SH11135,Warehouse_NYC,Los Angeles,USPS,11/30/2023,12/7/2023,9.6,,Delivered,1000,7,0,0,OK,,
SH11136,Warehouse_ATL,Detroit,DHL,11/28/2023,11/29/2023,15,48.67,Delivered,173,1,3.244666667,0.28132948,OK,,
SH11137,Warehouse_SEA,Boston,LaserShip,2/21/2023,2/26/2023,15.1,223.5,Delivered,1689,5,14.8013245,0.132326821,OK,,
SH11138,Warehouse_CHI,Denver,USPS,2/27/2023,3/3/2023,26.1,147.22,In Transit,1000,4,5.640613027,0.14722,OK,,
SH11139,Warehouse_DEN,New York,FedEx,7/23/2023,7/26/2023,49.8,191.95,Delivered,910,3,3.854417671,0.210934066,OK,,
SH11140,Warehouse_SEA,Phoenix,Amazon Logistics,6/29/2023,7/1/2023,21.1,42.11,Delivered,111,2,1.995734597,0.379369369,OK,,
SH11141,Warehouse_LA,San Francisco,UPS,11/6/2023,11/18/2023,49.6,245.62,Delayed,1043,5,4.952016129,0.235493768,OK,,
SH11142,Warehouse_SEA,San Francisco,FedEx,3/6/2023,3/9/2023,51.1,221.01,Delivered,1170,3,4.325048924,0.188897436,OK,,
SH11143,Warehouse_HOU,Phoenix,Amazon Logistics,12/16/2023,12/18/2023,1.9,119.85,Delivered,796,2,63.07894737,0.150565327,Flag,,
SH11144,Warehouse_BOS,Los Angeles,OnTrac,6/30/2023,7/4/2023,21.2,271.48,Delivered,1849,4,12.80566038,0.146825311,OK,,
SH11145,Warehouse_MIA,Los Angeles,OnTrac,12/31/2023,1/8/2024,44.8,183.23,In Transit,716,8,4.089955357,0.255907821,OK,,
SH11146,Warehouse_DEN,Los Angeles,LaserShip,1/11/2023,1/12/2023,6.6,39.88,Delivered,265,1,6.042424242,0.150490566,OK,,
SH11147,Warehouse_CHI,Seattle,USPS,12/20/2023,12/25/2023,29.9,233.47,Delivered,1576,5,7.808361204,0.148140863,OK,,
SH11148,Warehouse_LA,Dallas,FedEx,1/21/2023,1/25/2023,48.1,261.72,Delivered,1435,4,5.441164241,0.182383275,OK,,
SH11149,Warehouse_SEA,Chicago,USPS,11/16/2023,11/19/2023,19,782.71,Delivered,870,3,41.19526316,0.899666667,Flag,,
SH11150,Warehouse_DEN,Houston,UPS,8/25/2023,9/1/2023,25.3,334.33,Delivered,2305,7,13.21462451,0.145045553,OK,,
SH11151,Warehouse_NYC,Boston,OnTrac,11/23/2023,11/24/2023,10.7,42.56,Delivered,215,1,3.977570093,0.197953488,OK,,
SH11152,Warehouse_DEN,Denver,DHL,9/11/2023,9/17/2023,9.2,225.24,In Transit,1505,6,24.4826087,0.14966113,Flag,,
SH11153,Warehouse_MIA,San Francisco,LaserShip,8/24/2023,8/31/2023,0.3,273.62,Delivered,2149,7,912.0666667,0.127324337,Flag,,
SH11154,Warehouse_SEA,Chicago,Amazon Logistics,10/11/2023,10/17/2023,18.5,225.53,Delivered,1585,6,12.19081081,0.142290221,OK,,
SH11155,Warehouse_LA,Chicago,DHL,9/19/2023,9/22/2023,10.2,31.86,Delivered,112,3,3.123529412,0.284464286,OK,,
SH11156,Warehouse_SF,Minneapolis,LaserShip,8/21/2023,8/28/2023,72.2,354.2,Delivered,2135,7,4.905817175,0.165901639,OK,,
SH11157,Warehouse_DEN,Boston,FedEx,9/4/2023,9/10/2023,25,316.11,Delivered,2154,6,12.6444,0.146754875,OK,,
SH11158,Warehouse_MIA,Boston,OnTrac,9/14/2023,9/19/2023,9.6,202.87,In Transit,1608,5,21.13229167,0.126162935,Flag,,
SH11159,Warehouse_BOS,Atlanta,DHL,8/20/2023,8/23/2023,6.9,149.93,Delivered,1077,3,21.72898551,0.139210771,Flag,,
SH11160,Warehouse_SEA,Denver,USPS,11/29/2023,12/1/2023,15.1,99.27,Delivered,565,2,6.574172185,0.175699115,OK,,
SH11161,Warehouse_CHI,Denver,LaserShip,5/9/2023,5/12/2023,67.4,220.93,Delivered,1000,3,3.277893175,0.22093,OK,,
SH11162,Warehouse_MIA,Chicago,DHL,10/14/2023,10/15/2023,18.3,87.07,Delivered,453,1,4.757923497,0.192207506,OK,,
SH11163,Warehouse_DEN,Minneapolis,Amazon Logistics,2/6/2023,2/9/2023,94.1,117.26,Delivered,132,3,1.246121148,0.888333333,OK,,
SH11164,Warehouse_LA,Dallas,DHL,1/18/2023,1/21/2023,8.2,207.39,Delivered,1435,3,25.29146341,0.144522648,Flag,,
SH11165,Warehouse_HOU,New York,UPS,4/16/2023,4/21/2023,7,291.75,Delivered,2078,5,41.67857143,0.140399423,Flag,,
SH11166,Warehouse_LA,Houston,USPS,1/25/2023,1/29/2023,53.6,196.98,Delivered,1047,4,3.675,0.188137536,OK,,
SH11167,Warehouse_SF,Boston,DHL,8/14/2023,8/19/2023,5.7,241.01,Delivered,1582,5,42.28245614,0.152345133,Flag,,
SH11168,Warehouse_LA,Phoenix,UPS,8/6/2023,8/11/2023,27.1,75.57,Delivered,373,5,2.788560886,0.202600536,OK,,
SH11169,Warehouse_ATL,Boston,Amazon Logistics,10/4/2023,10/17/2023,15.9,216.07,Delayed,1814,6,13.58930818,0.119112459,OK,,
SH11170,Warehouse_HOU,Miami,Amazon Logistics,7/8/2023,7/12/2023,6.5,156,Delivered,1302,4,24,0.119815668,Flag,,
SH11171,Warehouse_HOU,Atlanta,UPS,12/26/2023,12/29/2023,4.7,116.83,Delivered,800,3,24.85744681,0.1460375,Flag,,
SH11172,Warehouse_LA,Seattle,OnTrac,10/19/2023,11/2/2023,17.3,156.7,Delayed,1135,5,9.057803468,0.138061674,OK,,
SH11173,Warehouse_SF,Minneapolis,LaserShip,8/11/2023,8/14/2023,60.8,217.77,Delivered,1157,3,3.581743421,0.188219533,OK,,
SH11174,Warehouse_DEN,Portland,FedEx,7/10/2023,7/15/2023,17.1,278.83,Delivered,1989,5,16.30584795,0.140186023,OK,,
SH11175,Warehouse_SEA,Portland,USPS,2/22/2023,2/23/2023,21.6,64.62,Delivered,374,1,2.991666667,0.172780749,OK,,
SH11176,Warehouse_ATL,Portland,FedEx,6/9/2023,6/10/2023,13.1,32.11,In Transit,131,1,2.451145038,0.245114504,OK,,
SH11177,Warehouse_DEN,Minneapolis,LaserShip,8/11/2023,8/13/2023,31.4,92.42,Delivered,422,2,2.943312102,0.219004739,OK,,
SH11178,Warehouse_ATL,Atlanta,FedEx,7/5/2023,7/10/2023,38,329.04,Delivered,1940,5,8.658947368,0.169608247,OK,,
SH11179,Warehouse_NYC,Chicago,DHL,12/26/2023,1/12/2024,13.4,137.91,Delayed,790,4,10.29179104,0.17456962,OK,,
SH11180,Warehouse_NYC,Seattle,DHL,4/7/2023,4/10/2023,13,123.25,Delivered,860,3,9.480769231,0.143313953,OK,,
SH11181,Warehouse_SF,Miami,OnTrac,7/18/2023,7/21/2023,7.2,139.61,Delivered,1122,3,19.39027778,0.12442959,OK,,
SH11182,Warehouse_SF,Minneapolis,FedEx,4/15/2023,4/19/2023,8.4,214.35,In Transit,1640,4,25.51785714,0.13070122,Flag,,
SH11183,Warehouse_NYC,San Francisco,DHL,11/10/2023,11/18/2023,9.5,353.39,Delivered,2274,8,37.19894737,0.155404573,Flag,,
SH11184,Warehouse_NYC,Denver,USPS,1/28/2023,1/29/2023,21.7,78.83,Delivered,461,1,3.632718894,0.170997831,OK,,
SH11185,Warehouse_CHI,Boston,UPS,6/27/2023,7/2/2023,10.2,,Delivered,1924,5,0,0,OK,,
SH11186,Warehouse_LA,Houston,FedEx,2/12/2023,1/13/2023,22.1,301.23,Delayed,1879,5,13.63031674,0.160313997,OK,,
SH11187,Warehouse_MIA,Detroit,DHL,1/8/2023,1/11/2023,13.5,116.78,In Transit,702,3,8.65037037,0.166353276,OK,,
SH11188,Warehouse_HOU,Denver,LaserShip,2/26/2023,1/27/2023,45,182.33,Returned,1030,3,4.051777778,0.177019417,OK,,
SH11189,Warehouse_SF,San Francisco,FedEx,11/21/2023,11/24/2023,43.7,135.18,Delivered,462,3,3.093363844,0.292597403,OK,,
SH11190,Warehouse_CHI,Minneapolis,FedEx,3/22/2023,3/24/2023,152.7,290.77,Delivered,841,2,1.904191225,0.345743163,OK,,
SH11191,Warehouse_SF,San Francisco,OnTrac,5/11/2023,5/16/2023,39.3,186.59,Delivered,1317,5,4.74783715,0.141678056,OK,,
SH11192,Warehouse_LA,San Francisco,OnTrac,12/4/2023,12/9/2023,19,416.08,Delivered,2473,5,21.89894737,0.16824909,Flag,,
SH11193,Warehouse_NYC,Chicago,FedEx,7/18/2023,7/21/2023,9.7,,Delivered,790,3,0,0,OK,,
SH11194,Warehouse_DEN,Phoenix,Amazon Logistics,2/21/2023,2/26/2023,8.3,181.52,Delivered,1457,5,21.86987952,0.124584763,Flag,,
SH11195,Warehouse_MIA,Phoenix,LaserShip,6/17/2023,6/21/2023,9.9,202.54,Delivered,1493,4,20.45858586,0.135659745,OK,,
SH11196,Warehouse_SEA,San Francisco,UPS,11/21/2023,11/27/2023,27.3,317.02,Returned,1876,6,11.61245421,0.168987207,OK,,
SH11197,Warehouse_MIA,Detroit,USPS,7/24/2023,7/26/2023,27.9,146.44,Delivered,1067,2,5.24874552,0.137244611,OK,,
SH11198,Warehouse_DEN,Chicago,USPS,1/24/2023,2/1/2023,58.9,257.07,Delivered,1762,8,4.364516129,0.145896708,OK,,
SH11199,Warehouse_SF,Chicago,DHL,6/19/2023,6/24/2023,83.7,296.97,Delivered,1417,5,3.548028674,0.20957657,OK,,
SH11200,Warehouse_HOU,Los Angeles,LaserShip,5/13/2023,5/19/2023,19.8,271.24,Delivered,1945,6,13.6989899,0.139455013,OK,,
SH11201,Warehouse_MIA,Denver,UPS,10/13/2023,10/16/2023,17.5,90.05,Delivered,591,3,5.145714286,0.152368866,OK,,
SH11202,Warehouse_DEN,Atlanta,FedEx,12/30/2023,1/2/2024,19,153.23,Delivered,850,3,8.064736842,0.180270588,OK,,
SH11203,Warehouse_BOS,Los Angeles,OnTrac,12/9/2023,12/12/2023,10.9,201.11,Delivered,1413,3,18.45045872,0.142328379,OK,,
SH11204,Warehouse_LA,Seattle,OnTrac,2/9/2023,2/20/2023,28.6,180.9,Delayed,1135,3,6.325174825,0.15938326,OK,,
SH11205,Warehouse_SEA,Houston,DHL,6/27/2023,7/12/2023,17,217.08,Delayed,1396,7,12.76941176,0.155501433,OK,,
SH11206,Warehouse_SEA,Boston,FedEx,8/24/2023,8/29/2023,34.1,328.13,Delivered,2324,5,9.622580645,0.14119191,OK,,
SH11207,Warehouse_BOS,Portland,DHL,3/26/2023,3/31/2023,10.5,366.13,Delivered,2421,5,34.86952381,0.151230896,Flag,,
SH11208,Warehouse_DEN,Denver,UPS,2/18/2023,2/23/2023,6.5,158.31,Delivered,1109,5,24.35538462,0.142750225,Flag,,
SH11209,Warehouse_SEA,Minneapolis,OnTrac,7/30/2023,8/5/2023,27.1,259.17,Delivered,2087,6,9.563468635,0.124183038,OK,,
SH11210,Warehouse_CHI,Dallas,FedEx,1/18/2023,1/24/2023,30,343.66,Delivered,2379,6,11.45533333,0.144455654,OK,,
SH11211,Warehouse_LA,San Francisco,FedEx,6/16/2023,6/28/2023,250.9,395,Delayed,239,1,1.574332403,1.652719665,OK,,
SH11212,Warehouse_NYC,Atlanta,OnTrac,6/26/2023,6/29/2023,23.5,119.58,Delivered,870,3,5.088510638,0.137448276,OK,,
SH11213,Warehouse_CHI,Minneapolis,DHL,2/18/2023,,18.5,171.77,Delayed,1073,3,9.284864865,0.160083877,OK,,
SH11214,Warehouse_CHI,Miami,FedEx,3/26/2023,3/31/2023,81.7,289.48,Delivered,1350,5,3.543206854,0.21442963,OK,,
SH11215,Warehouse_DEN,Dallas,LaserShip,2/1/2023,2/3/2023,17.5,66.25,Delivered,438,2,3.785714286,0.151255708,OK,,
SH11216,Warehouse_MIA,Dallas,Amazon Logistics,11/2/2023,11/11/2023,26.1,286.32,Delayed,1611,4,10.97011494,0.177728119,OK,,
SH11217,Warehouse_SEA,Seattle,LaserShip,6/11/2023,6/16/2023,80.8,209.48,Delivered,805,5,2.592574257,0.260223602,OK,,
SH11218,Warehouse_BOS,Phoenix,FedEx,2/25/2023,2/27/2023,36.8,78.75,Delivered,196,2,2.139945652,0.401785714,OK,,
SH11219,Warehouse_HOU,Minneapolis,DHL,4/29/2023,5/3/2023,48.2,262.05,Delivered,1272,4,5.436721992,0.206014151,OK,,
SH11220,Warehouse_ATL,Phoenix,UPS,8/5/2023,8/12/2023,42,359.87,Delivered,2255,7,8.568333333,0.159587583,OK,,
SH11221,Warehouse_MIA,Los Angeles,LaserShip,11/5/2023,11/7/2023,29.5,109.58,In Transit,409,2,3.714576271,0.26792176,OK,,
SH11222,Warehouse_DEN,Atlanta,UPS,10/12/2023,,5.5,49.39,Delivered,338,3,8.98,0.14612426,OK,,
SH11223,Warehouse_SEA,San Francisco,FedEx,9/5/2023,9/11/2023,24.9,351.21,Delivered,2438,6,14.10481928,0.144056604,OK,,
SH11224,Warehouse_MIA,Dallas,UPS,11/25/2023,11/29/2023,17.9,336.25,Delivered,2051,4,18.7849162,0.163944417,OK,,
SH11225,Warehouse_HOU,Chicago,USPS,9/2/2023,9/8/2023,15.1,253.23,Delivered,2145,6,16.77019868,0.118055944,OK,,
SH11226,Warehouse_ATL,Miami,DHL,8/18/2023,9/2/2023,36.3,266.23,Delayed,1635,4,7.33415978,0.162831804,OK,,
SH11227,Warehouse_MIA,New York,UPS,6/9/2023,6/16/2023,17.4,250.19,Delivered,1839,7,14.37873563,0.136046765,OK,,
SH11228,Warehouse_DEN,Los Angeles,Amazon Logistics,10/26/2023,10/30/2023,18.4,115.48,Delivered,723,4,6.276086957,0.159723375,OK,,
SH11229,Warehouse_ATL,Boston,LaserShip,8/13/2023,8/15/2023,10.4,80.42,Delivered,615,2,7.732692308,0.130764228,OK,,
SH11230,Warehouse_HOU,Chicago,Amazon Logistics,5/13/2023,5/16/2023,17.8,122.76,Delivered,809,3,6.896629213,0.151742892,OK,,
SH11231,Warehouse_ATL,Phoenix,USPS,12/5/2023,12/14/2023,65.6,368.43,Delivered,2255,9,5.616310976,0.163383592,OK,,
SH11232,Warehouse_CHI,Dallas,Amazon Logistics,5/1/2023,5/5/2023,9.7,120.4,Delivered,997,4,12.41237113,0.120762287,OK,,
SH11233,Warehouse_ATL,Seattle,USPS,1/11/2023,1/12/2023,36.2,,Delivered,101,1,0,0,OK,,
SH11234,Warehouse_LA,Dallas,DHL,5/17/2023,5/23/2023,6.2,210.74,Delayed,1435,5,33.99032258,0.146857143,Flag,,
SH11235,Warehouse_SF,Minneapolis,LaserShip,7/7/2023,7/14/2023,42.8,322.49,Delivered,2389,7,7.534813084,0.134989535,OK,,
SH11236,Warehouse_SEA,Dallas,OnTrac,3/22/2023,3/28/2023,10.6,256.26,Returned,2001,6,24.1754717,0.128065967,Flag,,
SH11237,Warehouse_MIA,Detroit,USPS,1/27/2023,1/31/2023,10.6,107.5,Delivered,788,4,10.14150943,0.13642132,OK,,
SH11238,Warehouse_DEN,Los Angeles,USPS,4/29/2023,5/4/2023,81.2,243.39,Delivered,1220,5,2.997413793,0.1995,OK,,
SH11239,Warehouse_DEN,Dallas,LaserShip,1/24/2023,1/26/2023,25.9,66.72,Delivered,300,2,2.576061776,0.2224,OK,,
SH11240,Warehouse_ATL,Denver,DHL,1/15/2023,1/21/2023,10.3,310.05,Delivered,2006,6,30.10194175,0.154561316,Flag,,
SH11241,Warehouse_ATL,Denver,LaserShip,8/8/2023,8/10/2023,22.8,46.91,Delivered,203,2,2.05745614,0.231083744,OK,,
SH11242,Warehouse_DEN,Houston,DHL,1/20/2023,1/22/2023,10.2,112.82,Delivered,751,2,11.06078431,0.150226365,OK,,
SH11243,Warehouse_HOU,Seattle,DHL,5/22/2023,5/27/2023,37.4,350.17,In Transit,2290,5,9.362834225,0.152912664,OK,,
SH11244,Warehouse_SF,Minneapolis,DHL,10/1/2023,10/3/2023,13.8,60.56,Delivered,261,2,4.388405797,0.232030651,OK,,
SH11245,Warehouse_MIA,Seattle,UPS,9/11/2023,9/16/2023,45.4,270.54,Delivered,1794,5,5.959030837,0.150802676,OK,,
SH11246,Warehouse_NYC,Chicago,OnTrac,2/16/2023,2/18/2023,10.8,105.44,Delivered,790,2,9.762962963,0.133468354,OK,,
SH11247,Warehouse_CHI,Houston,DHL,6/29/2023,7/4/2023,47.3,347.27,Delivered,2055,5,7.341860465,0.168987835,OK,,
SH11248,Warehouse_SEA,Denver,DHL,9/10/2023,9/17/2023,58,389.41,Delayed,2199,6,6.713965517,0.177085039,OK,,
SH11249,Warehouse_SF,Minneapolis,FedEx,2/26/2023,3/1/2023,21.4,136.39,In Transit,799,3,6.373364486,0.170700876,OK,,
SH11250,Warehouse_LA,Portland,LaserShip,1/27/2023,1/28/2023,15.8,48.13,Delivered,250,1,3.046202532,0.19252,OK,,
SH11251,Warehouse_BOS,Houston,DHL,7/11/2023,7/16/2023,10.8,224.13,Delivered,1409,5,20.75277778,0.159070263,Flag,,
SH11252,Warehouse_SF,Atlanta,Amazon Logistics,5/4/2023,5/12/2023,40.5,236.11,Delayed,1756,4,5.829876543,0.134458998,OK,,
SH11253,Warehouse_CHI,Portland,USPS,5/28/2023,6/1/2023,9.9,150.46,Delivered,1129,4,15.1979798,0.133268379,OK,,
SH11254,Warehouse_HOU,Atlanta,LaserShip,9/29/2023,10/4/2023,44.4,152.04,Delivered,800,5,3.424324324,0.19005,OK,,
SH11255,Warehouse_NYC,New York,UPS,10/29/2023,11/1/2023,15.5,159.84,Delivered,1090,3,10.31225806,0.146642202,OK,,
SH11256,Warehouse_NYC,Chicago,OnTrac,12/19/2023,12/23/2023,13.5,123.13,Delivered,790,4,9.120740741,0.155860759,OK,,
SH11257,Warehouse_HOU,Minneapolis,USPS,10/13/2023,,6.4,191.61,Delivered,1770,6,29.9390625,0.108254237,Flag,,
SH11258,Warehouse_CHI,Dallas,Amazon Logistics,10/21/2023,10/26/2023,14.5,202.38,Delivered,1704,5,13.95724138,0.118767606,OK,,
SH11259,Warehouse_BOS,Los Angeles,LaserShip,4/21/2023,4/27/2023,45.4,102.09,Delayed,473,2,2.248678414,0.215835095,OK,,
SH11260,Warehouse_MIA,Chicago,UPS,2/4/2023,2/7/2023,13.1,195.45,Delivered,1331,3,14.91984733,0.146844478,OK,,
SH11261,Warehouse_NYC,Seattle,LaserShip,2/22/2023,2/25/2023,25.7,159.21,Delivered,1023,3,6.194941634,0.155630499,OK,,
SH11262,Warehouse_LA,Portland,USPS,5/31/2023,6/3/2023,70.5,159.12,Delivered,800,3,2.257021277,0.1989,OK,,
SH11263,Warehouse_HOU,Detroit,LaserShip,9/3/2023,9/7/2023,17,257.86,Delivered,1985,4,15.16823529,0.129904282,OK,,
SH11264,Warehouse_SEA,Portland,LaserShip,8/9/2023,8/12/2023,36.4,77.58,Delivered,243,3,2.131318681,0.319259259,OK,,
SH11265,Warehouse_BOS,Portland,UPS,7/10/2023,7/17/2023,16.4,265.38,Delivered,1834,7,16.18170732,0.144700109,OK,,
SH11266,Warehouse_SEA,Portland,FedEx,8/26/2023,8/30/2023,16.4,240.73,Delivered,1726,4,14.67865854,0.139472769,OK,,
SH11267,Warehouse_LA,Portland,Amazon Logistics,1/31/2023,2/3/2023,9.6,153.95,Delivered,1168,3,16.03645833,0.131806507,OK,,
SH11268,Warehouse_HOU,Houston,Amazon Logistics,6/25/2023,6/27/2023,26.1,142.55,Delivered,880,2,5.461685824,0.161988636,OK,,
SH11269,Warehouse_CHI,Minneapolis,OnTrac,2/10/2023,2/12/2023,21.6,60.18,Delivered,267,2,2.786111111,0.225393258,OK,,
SH11270,Warehouse_CHI,Boston,LaserShip,7/4/2023,7/7/2023,19.3,163.73,Delivered,1097,3,8.483419689,0.149252507,OK,,
SH11271,Warehouse_BOS,Detroit,UPS,6/8/2023,6/10/2023,10.5,56.72,Delivered,329,2,5.401904762,0.172401216,OK,,
SH11272,Warehouse_ATL,Seattle,FedEx,12/2/2023,12/6/2023,30.9,196.94,Delivered,880,4,6.373462783,0.223795455,OK,,
SH11273,Warehouse_HOU,Los Angeles,LaserShip,1/17/2023,1/20/2023,12,59.08,In Transit,376,3,4.923333333,0.15712766,OK,,
SH11274,Warehouse_HOU,Detroit,FedEx,12/11/2023,12/19/2023,13.7,383.07,Delivered,2205,8,27.96131387,0.173727891,Flag,,
SH11275,Warehouse_LA,Chicago,FedEx,1/8/2023,1/10/2023,48.3,146.26,In Transit,545,2,3.02815735,0.268366972,OK,,
SH11276,Warehouse_CHI,Boston,Amazon Logistics,9/11/2023,9/22/2023,63.6,171.47,Delayed,737,2,2.696069182,0.23265943,OK,,
SH11277,Warehouse_LA,Minneapolis,USPS,5/16/2023,5/23/2023,24,307.61,Delivered,2479,7,12.81708333,0.124086325,OK,,
SH11278,Warehouse_LA,Dallas,LaserShip,11/3/2023,11/8/2023,35.7,268.47,Delivered,1435,5,7.520168067,0.187087108,OK,,
SH11279,Warehouse_HOU,Detroit,UPS,7/23/2023,7/27/2023,33.4,131.33,Delivered,662,4,3.932035928,0.198383686,OK,,
SH11280,Warehouse_HOU,Portland,USPS,11/25/2023,12/3/2023,110.7,429.91,Returned,1985,8,3.883559169,0.216579345,OK,,
SH11281,Warehouse_NYC,Detroit,OnTrac,9/22/2023,10/12/2023,22.5,304.34,Delayed,2161,7,13.52622222,0.140832948,OK,,
SH11282,Warehouse_ATL,Miami,USPS,10/11/2023,9/11/2023,3.3,80,Delivered,677,4,24.24242424,0.11816839,Flag,,
SH11283,Warehouse_ATL,Minneapolis,FedEx,1/30/2023,2/3/2023,40.1,122.44,Delivered,454,4,3.053366584,0.26969163,OK,,
SH11284,Warehouse_HOU,Phoenix,OnTrac,11/6/2023,11/10/2023,13.6,233.78,Delivered,1402,4,17.18970588,0.166747504,OK,,
SH11285,Warehouse_SF,Miami,DHL,7/26/2023,7/29/2023,24.5,70.28,Delivered,244,3,2.868571429,0.288032787,OK,,
SH11286,Warehouse_LA,Chicago,OnTrac,8/31/2023,9/3/2023,23.1,157.08,Delivered,1139,3,6.8,0.137910448,OK,,
SH11287,Warehouse_HOU,San Francisco,LaserShip,7/5/2023,7/6/2023,56.4,141.61,Delivered,531,1,2.510815603,0.266685499,OK,,
SH11288,Warehouse_ATL,Atlanta,UPS,3/5/2023,3/8/2023,29.4,124.1,Delivered,796,3,4.221088435,0.155904523,OK,,
SH11289,Warehouse_SF,Chicago,LaserShip,11/3/2023,11/4/2023,10.3,40.65,Lost,188,1,3.946601942,0.216223404,OK,,
SH11290,Warehouse_CHI,Denver,FedEx,3/6/2023,3/9/2023,10.9,138.79,Delivered,1000,3,12.73302752,0.13879,OK,,
SH11291,Warehouse_MIA,Minneapolis,Amazon Logistics,5/4/2023,5/9/2023,42.1,344.29,Returned,2219,5,8.177909739,0.155155475,OK,,
SH11292,Warehouse_CHI,Minneapolis,FedEx,11/7/2023,10/8/2023,53,355.09,Delayed,1709,4,6.699811321,0.207776477,OK,,
SH11293,Warehouse_ATL,Dallas,USPS,1/13/2023,1/18/2023,25.4,245.02,Delivered,2110,5,9.646456693,0.116123223,OK,,
SH11294,Warehouse_CHI,Minneapolis,LaserShip,1/1/2023,1/3/2023,19.7,106.66,Delivered,784,2,5.414213198,0.136045918,OK,,
SH11295,Warehouse_ATL,Houston,USPS,1/2/2023,1/5/2023,31.8,134.96,Delivered,786,3,4.244025157,0.171704835,OK,,
SH11296,Warehouse_HOU,Dallas,LaserShip,11/9/2023,11/12/2023,22.8,260.19,Delivered,1512,3,11.41184211,0.172083333,OK,,
SH11297,Warehouse_SEA,Portland,LaserShip,8/24/2023,8/29/2023,10.1,185.32,Delivered,1310,5,18.34851485,0.141465649,OK,,
SH11298,Warehouse_NYC,Detroit,FedEx,6/8/2023,6/16/2023,17.3,325.14,Delivered,2398,8,18.79421965,0.13558799,OK,,
SH11299,Warehouse_MIA,San Francisco,Amazon Logistics,8/11/2023,8/15/2023,24.5,191.05,Delivered,1373,4,7.797959184,0.139147851,OK,,
SH11300,Warehouse_MIA,Atlanta,Amazon Logistics,9/5/2023,9/9/2023,6.8,141.35,Delivered,1036,4,20.78676471,0.136438224,Flag,,
SH11301,Warehouse_MIA,San Francisco,OnTrac,9/26/2023,9/30/2023,40.5,147.62,Delivered,894,4,3.644938272,0.165123043,OK,,
SH11302,Warehouse_BOS,New York,DHL,1/2/2023,1/6/2023,41.8,254.48,Delivered,1261,4,6.088038278,0.201808089,OK,,
SH11303,Warehouse_BOS,Minneapolis,LaserShip,8/1/2023,8/3/2023,78.9,171.25,Delivered,729,2,2.170468948,0.234910837,OK,,
SH11304,Warehouse_NYC,Miami,USPS,12/25/2023,12/30/2023,12.3,325.51,Delivered,2145,5,26.46422764,0.151752914,Flag,,
SH11305,Warehouse_HOU,Minneapolis,OnTrac,12/31/2023,1/5/2024,55.7,335.88,Delivered,1737,5,6.03016158,0.193367876,OK,,
SH11306,Warehouse_ATL,Atlanta,UPS,1/15/2023,1/20/2023,8.3,275.36,Delivered,1965,5,33.17590361,0.140132316,Flag,,
SH11307,Warehouse_BOS,Chicago,FedEx,10/16/2023,10/20/2023,42.3,221.5,Delivered,1178,4,5.236406619,0.18803056,OK,,
SH11308,Warehouse_LA,Phoenix,DHL,3/14/2023,3/18/2023,7.6,61.28,Delivered,373,4,8.063157895,0.164289544,OK,,
SH11309,Warehouse_SF,Boston,LaserShip,7/25/2023,8/6/2023,4.6,209.12,Delayed,1868,6,45.46086957,0.111948608,Flag,,
SH11310,Warehouse_SF,Chicago,DHL,10/27/2023,10/31/2023,11.1,100.08,Delivered,640,4,9.016216216,0.156375,OK,,
SH11311,Warehouse_SF,New York,LaserShip,9/3/2023,9/6/2023,7,204.47,Delivered,1503,3,29.21,0.136041251,Flag,,
SH11312,Warehouse_DEN,Phoenix,Amazon Logistics,11/4/2023,11/8/2023,25.6,270.11,Delivered,1671,4,10.55117188,0.161645721,OK,,
SH11313,Warehouse_ATL,Houston,OnTrac,5/2/2023,5/9/2023,16,322.6,Delivered,2289,7,20.1625,0.140934906,OK,,
SH11314,Warehouse_HOU,Phoenix,DHL,8/16/2023,8/23/2023,9.6,248.88,Delivered,1664,7,25.925,0.149567308,Flag,,
SH11315,Warehouse_BOS,Houston,Amazon Logistics,3/18/2023,3/20/2023,28.8,93.05,Lost,499,2,3.230902778,0.186472946,OK,,
SH11316,Warehouse_SEA,Chicago,USPS,1/31/2023,2/6/2023,34.6,280.53,Delivered,2109,6,8.107803468,0.133015647,OK,,
SH11317,Warehouse_SF,Denver,UPS,4/12/2023,4/13/2023,21,88.46,Delivered,510,1,4.212380952,0.17345098,OK,,
SH11318,Warehouse_CHI,Seattle,USPS,6/10/2023,6/16/2023,16.9,281.93,Delivered,2329,6,16.68224852,0.121051954,OK,,
SH11319,Warehouse_CHI,Houston,UPS,9/2/2023,9/7/2023,21.6,251.91,Delivered,2001,5,11.6625,0.125892054,OK,,
SH11320,Warehouse_LA,Detroit,Amazon Logistics,9/26/2023,9/27/2023,11.8,45.15,In Transit,278,1,3.826271186,0.162410072,OK,,
SH11321,Warehouse_DEN,San Francisco,FedEx,12/29/2023,1/2/2024,17.2,226.51,Delivered,1179,4,13.16918605,0.192120441,OK,,
SH11322,Warehouse_BOS,Detroit,LaserShip,8/30/2023,9/4/2023,25.7,62.58,Delivered,251,5,2.435019455,0.249322709,OK,,
SH11323,Warehouse_SEA,Detroit,UPS,2/12/2023,2/27/2023,48.2,79.74,Delayed,205,2,1.654356846,0.38897561,OK,,
SH11324,Warehouse_LA,Los Angeles,UPS,1/28/2023,1/31/2023,51.5,165.79,Delivered,926,3,3.219223301,0.179038877,OK,,
SH11325,Warehouse_SF,Detroit,OnTrac,4/14/2023,4/17/2023,26.6,68.27,Returned,365,3,2.566541353,0.187041096,OK,,
SH11326,Warehouse_SF,Portland,UPS,3/30/2023,4/3/2023,127,342.1,Delivered,1334,4,2.693700787,0.256446777,OK,,
SH11327,Warehouse_ATL,Dallas,UPS,4/11/2023,4/13/2023,25.9,70.31,Delivered,326,2,2.714671815,0.215674847,OK,,
SH11328,Warehouse_BOS,Seattle,OnTrac,2/23/2023,3/2/2023,13.2,300.36,Delivered,2207,7,22.75454545,0.136094246,Flag,,
SH11329,Warehouse_SEA,Houston,OnTrac,12/29/2023,1/1/2024,14.2,109.64,Delivered,656,3,7.721126761,0.167134146,OK,,
SH11330,Warehouse_SEA,Portland,LaserShip,6/26/2023,6/29/2023,16.6,105.6,Delivered,761,3,6.361445783,0.138764783,OK,,
SH11331,Warehouse_NYC,Houston,FedEx,1/2/2023,1/7/2023,17.8,196.28,Delivered,1322,5,11.02696629,0.148472012,OK,,
SH11332,Warehouse_LA,Houston,DHL,7/21/2023,7/27/2023,57.2,339.55,Delivered,1933,6,5.936188811,0.175659596,OK,,
SH11333,Warehouse_CHI,San Francisco,Amazon Logistics,4/1/2023,,9,67.94,Delayed,435,2,7.548888889,0.156183908,OK,,
SH11334,Warehouse_CHI,Phoenix,DHL,4/17/2023,4/22/2023,52.4,339.51,Delivered,1949,5,6.479198473,0.174197024,OK,,
SH11335,Warehouse_LA,Denver,LaserShip,8/28/2023,9/3/2023,20.5,105.64,Delivered,638,6,5.153170732,0.165579937,OK,,
SH11336,Warehouse_CHI,Denver,USPS,8/10/2023,8/13/2023,21.5,127.75,In Transit,1000,3,5.941860465,0.12775,OK,,
SH11337,Warehouse_DEN,Chicago,Amazon Logistics,12/10/2023,12/15/2023,34.9,296.79,Delivered,1876,5,8.504011461,0.158203625,OK,,
SH11338,Warehouse_HOU,San Francisco,FedEx,10/18/2023,10/24/2023,73,347.07,Delivered,1762,6,4.754383562,0.196975028,OK,,
SH11339,Warehouse_ATL,Miami,Amazon Logistics,9/26/2023,9/30/2023,37.9,183.19,Delivered,1274,4,4.833509235,0.143791209,OK,,
SH11340,Warehouse_ATL,Boston,USPS,12/19/2023,12/24/2023,80.1,423.48,Lost,2412,5,5.286891386,0.175572139,OK,,
SH11341,Warehouse_NYC,Houston,FedEx,3/9/2023,3/11/2023,28.5,54.64,Delivered,131,2,1.917192982,0.417099237,OK,,
SH11342,Warehouse_BOS,Minneapolis,Amazon Logistics,1/13/2023,1/19/2023,27.9,311.69,Delivered,2297,6,11.17168459,0.135694384,OK,,
SH11343,Warehouse_SEA,Atlanta,FedEx,9/20/2023,9/26/2023,11.9,263.5,Delivered,1772,6,22.14285714,0.148702032,Flag,,
SH11344,Warehouse_BOS,Detroit,USPS,5/4/2023,5/10/2023,18.7,264.01,Delivered,2316,6,14.11818182,0.113993955,OK,,
SH11345,Warehouse_NYC,Chicago,USPS,4/8/2023,4/11/2023,26.3,113.91,Delivered,790,3,4.331178707,0.144189873,OK,,
SH11346,Warehouse_NYC,Minneapolis,FedEx,7/21/2023,7/26/2023,50.9,324.7,Delivered,2180,5,6.379174853,0.148944954,OK,,
SH11347,Warehouse_HOU,San Francisco,UPS,3/2/2023,3/7/2023,47.2,231.01,Delivered,1362,5,4.894279661,0.169610866,OK,,
SH11348,Warehouse_LA,Phoenix,UPS,1/9/2023,1/13/2023,13,59.81,Delivered,373,4,4.600769231,0.160348525,OK,,
SH11349,Warehouse_LA,Chicago,LaserShip,11/22/2023,11/27/2023,43.7,283.67,Delivered,1750,5,6.491304348,0.162097143,OK,,
SH11350,Warehouse_LA,Denver,DHL,5/6/2023,5/9/2023,4.1,168.66,Delivered,1178,3,41.13658537,0.143174873,Flag,,
SH11351,Warehouse_SF,Detroit,DHL,4/7/2023,4/23/2023,22.1,381.8,Delayed,2348,7,17.2760181,0.162606474,OK,,
SH11352,Warehouse_BOS,Los Angeles,USPS,1/1/2023,1/6/2023,10.7,246.62,In Transit,2185,5,23.04859813,0.112869565,Flag,,
SH11353,Warehouse_DEN,Seattle,OnTrac,2/20/2023,2/26/2023,25.1,298.55,Delivered,2095,6,11.89442231,0.142505967,OK,,
SH11354,Warehouse_HOU,Seattle,OnTrac,1/29/2023,1/30/2023,24.3,115.18,Delivered,663,1,4.739917695,0.17372549,OK,,
SH11355,Warehouse_MIA,Denver,USPS,4/27/2023,5/2/2023,8.6,232.52,Delivered,2054,5,27.0372093,0.113203505,Flag,,
SH11356,Warehouse_SEA,Seattle,LaserShip,12/7/2023,12/13/2023,5.3,325.32,Delivered,2197,6,61.38113208,0.148074647,Flag,,
SH11357,Warehouse_CHI,Minneapolis,LaserShip,1/6/2023,1/12/2023,5.7,29.11,Delivered,2368,6,5.107017544,0.012293074,OK,,
SH11358,Warehouse_BOS,Chicago,USPS,2/25/2023,3/3/2023,29.3,277.17,Delivered,1989,6,9.459726962,0.139351433,OK,,
SH11359,Warehouse_LA,Detroit,UPS,10/10/2023,10/21/2023,47.8,169.45,Delayed,845,5,3.544979079,0.200532544,OK,,
SH11360,Warehouse_SF,Phoenix,OnTrac,9/16/2023,9/30/2023,21.2,45.18,Delayed,130,2,2.131132075,0.347538462,OK,,
SH11361,Warehouse_HOU,Phoenix,LaserShip,6/20/2023,6/23/2023,20,134.57,Lost,1020,3,6.7285,0.131931373,OK,,
SH11362,Warehouse_SEA,Portland,USPS,4/2/2023,4/7/2023,8.4,83.54,Delivered,598,5,9.945238095,0.139698997,OK,,
SH11363,Warehouse_LA,Chicago,DHL,5/7/2023,5/15/2023,18.7,286.31,Delayed,1743,5,15.31069519,0.164262765,OK,,
SH11364,Warehouse_SF,Atlanta,DHL,10/4/2023,10/8/2023,35.3,316.54,Delivered,1866,4,8.96713881,0.169635584,OK,,
SH11365,Warehouse_SEA,Los Angeles,Amazon Logistics,12/27/2023,12/31/2023,12.7,208.88,Delivered,1413,4,16.44724409,0.147827318,OK,,
SH11366,Warehouse_MIA,San Francisco,LaserShip,10/23/2023,10/25/2023,28,146.54,Delivered,956,2,5.233571429,0.153284519,OK,,
SH11367,Warehouse_DEN,New York,FedEx,10/20/2023,10/24/2023,12,210.09,Delivered,1580,4,17.5075,0.132968354,OK,,
SH11368,Warehouse_NYC,Minneapolis,USPS,9/3/2023,9/7/2023,15.1,152.29,Delivered,1216,4,10.08543046,0.125238487,OK,,
SH11369,Warehouse_BOS,Dallas,FedEx,3/8/2023,3/14/2023,28.6,328.6,Delivered,2066,6,11.48951049,0.159051307,OK,,
SH11370,Warehouse_NYC,Los Angeles,OnTrac,12/9/2023,12/12/2023,40.9,186.93,Lost,855,3,4.570415648,0.218631579,OK,,
SH11371,Warehouse_MIA,Detroit,USPS,7/22/2023,7/25/2023,20.7,57.14,Delivered,298,3,2.760386473,0.191744966,OK,,
SH11372,Warehouse_MIA,Houston,USPS,9/14/2023,9/24/2023,67.2,359.97,Lost,2311,10,5.356696429,0.155763739,OK,,
SH11373,Warehouse_ATL,Phoenix,FedEx,11/14/2023,11/17/2023,35.2,87.57,Delivered,214,3,2.487784091,0.409205607,OK,,
SH11374,Warehouse_MIA,Boston,USPS,1/23/2023,2/7/2023,14.9,220.29,Delayed,1859,5,14.78456376,0.118499193,OK,,
SH11375,Warehouse_CHI,Atlanta,USPS,5/4/2023,5/15/2023,8.6,258.78,Delayed,2199,5,30.09069767,0.117680764,Flag,,
SH11376,Warehouse_MIA,Detroit,Amazon Logistics,3/8/2023,3/13/2023,40.8,314.97,Delivered,2330,5,7.719852941,0.135180258,OK,,
SH11377,Warehouse_ATL,Boston,FedEx,12/29/2023,1/1/2024,26.8,120.06,Delivered,505,3,4.479850746,0.237742574,OK,,
SH11378,Warehouse_MIA,Boston,OnTrac,8/16/2023,8/21/2023,12,190.22,Returned,1617,5,15.85166667,0.1176376,OK,,
SH11379,Warehouse_DEN,New York,UPS,9/26/2023,9/30/2023,54.5,215.64,Delivered,1270,4,3.956697248,0.169795276,OK,,
SH11380,Warehouse_DEN,Atlanta,Amazon Logistics,4/3/2023,4/7/2023,43.5,288.61,Delivered,2007,4,6.634712644,0.143801694,OK,,
SH11381,Warehouse_CHI,Denver,USPS,11/17/2023,11/21/2023,12.5,159.23,Delivered,1000,4,12.7384,0.15923,OK,,
SH11382,Warehouse_LA,New York,USPS,7/25/2023,8/3/2023,4.3,17.89,Delayed,105,4,4.160465116,0.170380952,OK,,
SH11383,Warehouse_BOS,Los Angeles,Amazon Logistics,4/30/2023,5/4/2023,41.2,137.96,Delivered,813,4,3.348543689,0.169692497,OK,,
SH11384,Warehouse_BOS,Chicago,LaserShip,3/8/2023,3/14/2023,18.3,232.16,Delivered,1746,6,12.6863388,0.132966781,OK,,
SH11385,Warehouse_SF,Atlanta,OnTrac,2/9/2023,2/14/2023,25.8,276.98,Delivered,1911,5,10.73565891,0.144939822,OK,,
SH11386,Warehouse_SEA,Denver,LaserShip,5/21/2023,5/27/2023,6.5,206.26,Delivered,1816,6,31.73230769,0.113579295,Flag,,
SH11387,Warehouse_SEA,Boston,OnTrac,8/31/2023,9/16/2023,15.5,191.24,Delayed,1482,4,12.33806452,0.129041835,OK,,
SH11388,Warehouse_DEN,Phoenix,DHL,6/2/2023,6/4/2023,23.6,159.12,Delivered,998,2,6.742372881,0.159438878,OK,,
SH11389,Warehouse_HOU,Boston,FedEx,5/3/2023,5/5/2023,27.1,105.17,Delivered,470,2,3.880811808,0.223765957,OK,,
SH11390,Warehouse_SF,Miami,UPS,9/28/2023,10/3/2023,19.7,305.45,Delivered,2455,5,15.50507614,0.124419552,OK,,
SH11391,Warehouse_BOS,Atlanta,LaserShip,2/8/2023,2/11/2023,31.2,114.2,Delivered,559,3,3.66025641,0.204293381,OK,,
SH11392,Warehouse_BOS,Phoenix,OnTrac,6/1/2023,6/7/2023,14.8,319.39,Delivered,2384,6,21.58040541,0.133972315,Flag,,
SH11393,Warehouse_LA,Dallas,OnTrac,12/31/2023,1/3/2024,88,322.1,Delivered,1435,3,3.660227273,0.22445993,OK,,
SH11394,Warehouse_MIA,Boston,FedEx,11/26/2023,12/16/2023,17.9,247.56,Delayed,1525,10,13.8301676,0.162334426,OK,,
SH11395,Warehouse_DEN,Chicago,LaserShip,1/25/2023,1/29/2023,11,98.73,Delivered,698,4,8.975454545,0.141446991,OK,,
SH11396,Warehouse_BOS,Denver,Amazon Logistics,9/29/2023,10/8/2023,16.3,247.24,Delayed,1920,8,15.16809816,0.128770833,OK,,
SH11397,Warehouse_BOS,Portland,LaserShip,11/9/2023,11/12/2023,32.7,180.59,Delivered,958,3,5.522629969,0.188507307,OK,,
SH11398,Warehouse_HOU,Detroit,OnTrac,10/18/2023,10/22/2023,16.3,248.97,Delivered,2057,4,15.27423313,0.121035489,OK,,
SH11399,Warehouse_DEN,San Francisco,UPS,1/4/2023,1/7/2023,10.5,161.38,Delivered,1148,3,15.36952381,0.140574913,OK,,
SH11400,Warehouse_BOS,Boston,DHL,7/21/2023,7/28/2023,26.5,373.28,Delivered,2221,7,14.08603774,0.168068438,OK,,
SH11401,Warehouse_HOU,Phoenix,FedEx,7/2/2023,7/8/2023,17.2,331.37,Delivered,2287,6,19.26569767,0.144892873,OK,,
SH11402,Warehouse_MIA,Seattle,DHL,8/19/2023,8/23/2023,24.1,256.71,Delivered,1807,4,10.65186722,0.142064195,OK,,
SH11403,Warehouse_BOS,New York,LaserShip,6/9/2023,6/15/2023,38.8,361.92,Delivered,2362,6,9.327835052,0.15322608,OK,,
SH11404,Warehouse_LA,Phoenix,Amazon Logistics,2/20/2023,2/22/2023,12.9,61,Delivered,373,2,4.728682171,0.163538874,OK,,
SH11405,Warehouse_SEA,Phoenix,Amazon Logistics,5/19/2023,5/21/2023,20.3,86.78,Delivered,544,2,4.274876847,0.159522059,OK,,
SH11406,Warehouse_CHI,Miami,OnTrac,8/14/2023,8/18/2023,39.9,220.09,Delivered,1350,4,5.5160401,0.16302963,OK,,
SH11407,Warehouse_CHI,Los Angeles,Amazon Logistics,10/15/2023,10/19/2023,22,86.67,Delivered,544,4,3.939545455,0.159319853,OK,,
SH11408,Warehouse_DEN,Los Angeles,Amazon Logistics,8/1/2023,8/3/2023,20.8,99.54,Delivered,637,2,4.785576923,0.156263736,OK,,
SH11409,Warehouse_ATL,Minneapolis,LaserShip,1/22/2023,1/24/2023,5.5,70.39,Delivered,507,2,12.79818182,0.138836292,OK,,
SH11410,Warehouse_DEN,Atlanta,UPS,7/3/2023,7/10/2023,14,260.56,Delivered,2009,7,18.61142857,0.129696366,OK,,
SH11411,Warehouse_DEN,New York,LaserShip,6/25/2023,7/5/2023,12,113.5,Delayed,852,3,9.458333333,0.133215962,OK,,
SH11412,Warehouse_ATL,New York,DHL,4/16/2023,4/22/2023,24.9,297.44,Delivered,2010,6,11.94538153,0.1479801,OK,,
SH11413,Warehouse_CHI,Chicago,DHL,4/28/2023,4/30/2023,5.8,71.35,Delivered,487,2,12.30172414,0.14650924,OK,,
SH11414,Warehouse_MIA,Portland,FedEx,6/19/2023,6/23/2023,20.4,211.34,Delivered,1369,4,10.35980392,0.154375457,OK,,
SH11415,Warehouse_SF,Chicago,DHL,11/30/2023,12/7/2023,38,286.58,Delivered,1542,7,7.541578947,0.185849546,OK,,
SH11416,Warehouse_HOU,Portland,DHL,11/28/2023,12/4/2023,18.7,326.9,Delivered,1838,6,17.48128342,0.177856366,OK,,
SH11417,Warehouse_LA,Denver,OnTrac,3/28/2023,3/31/2023,13.7,175.73,Delivered,1364,3,12.8270073,0.128834311,OK,,
SH11418,Warehouse_SEA,Atlanta,DHL,3/26/2023,3/29/2023,38.7,77.84,Delivered,173,3,2.011369509,0.449942197,OK,,
SH11419,Warehouse_NYC,Miami,DHL,10/14/2023,10/20/2023,23.4,356.56,Delivered,2343,6,15.23760684,0.152180965,OK,,
SH11420,Warehouse_ATL,Detroit,DHL,11/24/2023,11/26/2023,11.1,109.93,Delivered,505,2,9.903603604,0.217683168,OK,,
SH11421,Warehouse_SEA,Minneapolis,LaserShip,10/8/2023,10/9/2023,30.6,62.81,Delivered,206,1,2.052614379,0.304902913,OK,,
SH11422,Warehouse_SEA,New York,DHL,12/20/2023,12/26/2023,6.6,289.77,Delivered,1656,6,43.90454545,0.174981884,Flag,,
SH11423,Warehouse_HOU,San Francisco,USPS,1/29/2023,1/31/2023,13.2,57.43,Delivered,377,2,4.350757576,0.152334218,OK,,
SH11424,Warehouse_SF,Dallas,OnTrac,9/1/2023,9/6/2023,34,255.91,Delivered,1631,5,7.526764706,0.15690374,OK,,
SH11425,Warehouse_ATL,Denver,FedEx,10/17/2023,10/19/2023,11,68.25,Returned,403,2,6.204545455,0.169354839,OK,,
SH11426,Warehouse_ATL,San Francisco,UPS,8/10/2023,8/14/2023,4.9,,Delivered,1591,4,0,0,OK,,
SH11427,Warehouse_CHI,Atlanta,DHL,1/21/2023,1/24/2023,19.8,117.68,Delivered,611,3,5.943434343,0.192602291,OK,,
SH11428,Warehouse_CHI,Seattle,UPS,6/5/2023,,17.7,258.44,Delivered,1911,9,14.60112994,0.135238095,OK,,
SH11429,Warehouse_SF,Chicago,LaserShip,3/20/2023,3/24/2023,42.4,171.56,Delivered,1111,4,4.046226415,0.154419442,OK,,
SH11430,Warehouse_CHI,Seattle,LaserShip,7/29/2023,8/1/2023,14.5,160.17,Delivered,1162,3,11.0462069,0.137839931,OK,,
SH11431,Warehouse_LA,Houston,OnTrac,5/25/2023,5/26/2023,30.6,48.89,Delivered,146,1,1.597712418,0.334863014,OK,,
SH11432,Warehouse_HOU,Houston,LaserShip,8/5/2023,8/9/2023,11.3,181.83,In Transit,1541,4,16.09115044,0.117994809,OK,,
SH11433,Warehouse_CHI,Atlanta,LaserShip,2/14/2023,2/18/2023,12.1,228.01,Returned,1865,4,18.84380165,0.122257373,OK,,
SH11434,Warehouse_DEN,Los Angeles,OnTrac,4/19/2023,5/4/2023,10.2,201.85,Delayed,1659,5,19.78921569,0.121669681,OK,,
SH11435,Warehouse_DEN,Boston,DHL,4/18/2023,4/22/2023,10.4,266.13,Delivered,1924,4,25.58942308,0.138321206,Flag,,
SH11436,Warehouse_BOS,Minneapolis,DHL,2/18/2023,2/28/2023,19.1,70.45,Delayed,302,2,3.688481675,0.233278146,OK,,
SH11437,Warehouse_BOS,Boston,USPS,1/5/2023,1/9/2023,111,301.2,Delivered,1782,4,2.713513514,0.169023569,OK,,
SH11438,Warehouse_HOU,San Francisco,Amazon Logistics,5/19/2023,5/22/2023,47.3,144.28,Lost,854,3,3.050317125,0.168946136,OK,,
SH11439,Warehouse_CHI,Portland,LaserShip,1/11/2023,1/17/2023,24.2,314.11,Delivered,2469,6,12.97975207,0.127221547,OK,,
SH11440,Warehouse_SEA,Dallas,UPS,1/28/2023,1/29/2023,7.7,30.59,In Transit,166,1,3.972727273,0.184277108,OK,,
SH11441,Warehouse_CHI,San Francisco,Amazon Logistics,10/20/2023,10/25/2023,67.2,183.1,Delivered,794,5,2.724702381,0.230604534,OK,,
SH11442,Warehouse_HOU,Portland,FedEx,3/8/2023,3/9/2023,5.8,83.76,Lost,528,1,14.44137931,0.158636364,OK,,
SH11443,Warehouse_SF,Minneapolis,USPS,4/17/2023,4/23/2023,11.5,219.67,Delivered,1908,6,19.10173913,0.115131027,OK,,
SH11444,Warehouse_ATL,Phoenix,OnTrac,4/21/2023,5/7/2023,41.9,260.33,Delayed,1800,4,6.213126492,0.144627778,OK,,
SH11445,Warehouse_NYC,Denver,FedEx,7/25/2023,7/27/2023,22.9,123.35,Delivered,713,2,5.386462882,0.173001403,OK,,
SH11446,Warehouse_BOS,Denver,FedEx,5/13/2023,5/16/2023,30.6,83.44,Delivered,306,3,2.726797386,0.272679739,OK,,
SH11447,Warehouse_NYC,San Francisco,LaserShip,7/8/2023,7/11/2023,41.7,91.23,Delivered,302,3,2.187769784,0.302086093,OK,,
SH11448,Warehouse_CHI,Houston,LaserShip,7/7/2023,7/13/2023,35.4,217.42,Delivered,1655,6,6.14180791,0.131371601,OK,,
SH11449,Warehouse_CHI,Detroit,UPS,3/7/2023,3/10/2023,36.4,74.25,Delivered,283,3,2.039835165,0.262367491,OK,,
SH11450,Warehouse_DEN,Miami,DHL,2/3/2023,2/11/2023,7.4,348.3,Delivered,2239,8,47.06756757,0.155560518,Flag,,
SH11451,Warehouse_NYC,San Francisco,USPS,12/30/2023,1/6/2024,6.4,256.19,Delivered,2003,7,40.0296875,0.127903145,Flag,,
SH11452,Warehouse_NYC,San Francisco,UPS,1/3/2023,1/8/2023,9.8,223.01,Delivered,1553,5,22.75612245,0.143599485,Flag,,
SH11453,Warehouse_MIA,Seattle,LaserShip,7/22/2023,,47.6,156.85,Delivered,717,3,3.295168067,0.218758717,OK,,
SH11454,Warehouse_ATL,Minneapolis,Amazon Logistics,8/19/2023,8/26/2023,29.2,279.85,Lost,1843,7,9.58390411,0.151844818,OK,,
SH11455,Warehouse_BOS,Phoenix,USPS,4/26/2023,4/29/2023,11.5,62.46,Delivered,487,3,5.431304348,0.12825462,OK,,
SH11456,Warehouse_DEN,Miami,USPS,3/27/2023,3/30/2023,7.5,141.08,Delivered,1061,3,18.81066667,0.132968897,OK,,
SH11457,Warehouse_NYC,Detroit,OnTrac,10/4/2023,10/6/2023,10,85.04,Delivered,585,2,8.504,0.145367521,OK,,
SH11458,Warehouse_NYC,Denver,FedEx,3/22/2023,3/24/2023,12.2,109.31,Delivered,691,2,8.959836066,0.158191027,OK,,
SH11459,Warehouse_SEA,Detroit,Amazon Logistics,12/31/2023,1/2/2024,12.1,163.06,Delivered,1097,2,13.47603306,0.14864175,OK,,
SH11460,Warehouse_ATL,Phoenix,UPS,7/5/2023,7/8/2023,100.9,172.46,Delivered,390,3,1.709217047,0.442205128,OK,,
SH11461,Warehouse_ATL,Boston,Amazon Logistics,7/21/2023,7/27/2023,29.2,323.13,Delivered,2216,6,11.06609589,0.145816787,OK,,
SH11462,Warehouse_SF,Phoenix,DHL,2/3/2023,2/10/2023,34.4,214.6,Delivered,1229,7,6.238372093,0.174613507,OK,,
SH11463,Warehouse_NYC,Minneapolis,Amazon Logistics,7/10/2023,7/15/2023,27.8,239.99,In Transit,1591,5,8.632733813,0.150842238,OK,,
SH11464,Warehouse_LA,New York,USPS,12/18/2023,12/23/2023,32.6,164.69,Delivered,807,5,5.051840491,0.204076828,OK,,
SH11465,Warehouse_NYC,Dallas,USPS,11/18/2023,11/23/2023,23.1,176.66,Delivered,1065,5,7.647619048,0.165877934,OK,,
SH11466,Warehouse_BOS,Minneapolis,LaserShip,5/20/2023,5/23/2023,14,184.53,Delivered,1408,3,13.18071429,0.131058239,OK,,
SH11467,Warehouse_BOS,Denver,DHL,4/1/2023,4/4/2023,71.7,188.04,Delivered,635,3,2.622594142,0.296125984,OK,,
SH11468,Warehouse_CHI,Denver,USPS,12/24/2023,11/24/2023,10.7,152.15,Delivered,1000,3,14.21962617,0.15215,OK,,
SH11469,Warehouse_DEN,Denver,FedEx,12/11/2023,12/12/2023,70.6,151.86,Delivered,323,1,2.150991501,0.470154799,OK,,
SH11470,Warehouse_SF,Phoenix,DHL,8/20/2023,8/25/2023,54.4,266.93,Delivered,1340,5,4.906801471,0.199201493,OK,,
SH11471,Warehouse_BOS,Atlanta,OnTrac,5/17/2023,5/21/2023,20.1,74.85,Delivered,451,4,3.723880597,0.165964523,OK,,
SH11472,Warehouse_DEN,San Francisco,OnTrac,5/1/2023,5/5/2023,11.3,176.58,Delivered,1360,4,15.62654867,0.129838235,OK,,
SH11473,Warehouse_MIA,Los Angeles,OnTrac,12/27/2023,1/1/2024,14.8,318.26,Delivered,2212,5,21.50405405,0.143878843,Flag,,
SH11474,Warehouse_LA,Portland,DHL,8/2/2023,8/8/2023,28.4,390.3,Delivered,2293,6,13.74295775,0.170213694,OK,,
SH11475,Warehouse_MIA,Portland,UPS,11/22/2023,11/28/2023,28.1,303.53,Delivered,1711,6,10.80177936,0.177399182,OK,,
SH11476,Warehouse_ATL,Seattle,FedEx,8/5/2023,8/9/2023,153,334.41,Delivered,1058,4,2.185686275,0.316077505,OK,,
SH11477,Warehouse_MIA,San Francisco,DHL,8/31/2023,9/3/2023,14.2,101.86,Delivered,580,3,7.173239437,0.17562069,OK,,
SH11478,Warehouse_NYC,Detroit,FedEx,10/8/2023,10/13/2023,34,228.26,Delivered,1463,5,6.713529412,0.156021873,OK,,
SH11479,Warehouse_SF,New York,LaserShip,3/7/2023,3/20/2023,30.1,101.62,Delayed,615,2,3.376079734,0.165235772,OK,,
SH11480,Warehouse_SF,Atlanta,LaserShip,4/15/2023,4/19/2023,79.1,264.42,Delivered,1487,4,3.342857143,0.177821116,OK,,
SH11481,Warehouse_HOU,Dallas,OnTrac,7/13/2023,7/16/2023,8.1,188.86,Delivered,1472,3,23.31604938,0.12830163,Flag,,
SH11482,Warehouse_NYC,Phoenix,OnTrac,9/23/2023,8/24/2023,22.7,110.05,Delivered,787,3,4.848017621,0.139834816,OK,,
SH11483,Warehouse_BOS,Houston,DHL,9/8/2023,9/11/2023,21.8,202.57,Delivered,1364,3,9.292201835,0.14851173,OK,,
SH11484,Warehouse_LA,Los Angeles,FedEx,5/9/2023,5/13/2023,12,178.39,Delivered,1377,4,14.86583333,0.129549746,OK,,
SH11485,Warehouse_SEA,San Francisco,UPS,2/7/2023,2/12/2023,11.3,199.25,Delivered,1332,5,17.63274336,0.149587087,OK,,
SH11486,Warehouse_HOU,Phoenix,USPS,8/21/2023,8/25/2023,21.5,154.34,Delivered,1209,4,7.178604651,0.127659222,OK,,
SH11487,Warehouse_BOS,Minneapolis,DHL,11/8/2023,11/13/2023,17.8,407.33,Delivered,2300,5,22.88370787,0.1771,Flag,,
SH11488,Warehouse_BOS,Phoenix,USPS,2/3/2023,2/4/2023,22.5,63.76,In Transit,289,1,2.833777778,0.220622837,OK,,
SH11489,Warehouse_CHI,Denver,UPS,5/28/2023,6/1/2023,15.8,152.2,Delivered,1000,4,9.632911392,0.1522,OK,,
SH11490,Warehouse_SEA,Seattle,LaserShip,9/5/2023,9/9/2023,11.8,88.65,Delivered,670,4,7.512711864,0.132313433,OK,,
SH11491,Warehouse_SEA,Boston,DHL,5/1/2023,5/7/2023,11.6,359.48,Delivered,2379,6,30.98965517,0.151105507,Flag,,
SH11492,Warehouse_BOS,San Francisco,OnTrac,9/27/2023,9/28/2023,13.8,50.83,Delivered,274,1,3.683333333,0.185510949,OK,,
SH11493,Warehouse_SF,Boston,UPS,5/6/2023,5/10/2023,33.3,236.83,Returned,1438,4,7.112012012,0.164694019,OK,,
SH11494,Warehouse_DEN,Seattle,USPS,8/22/2023,8/27/2023,13.2,269.86,Delivered,2309,5,20.44393939,0.116873105,OK,,
SH11495,Warehouse_LA,Chicago,Amazon Logistics,5/24/2023,5/28/2023,29.9,235.86,Delivered,1581,4,7.888294314,0.149184061,OK,,
SH11496,Warehouse_NYC,New York,LaserShip,3/30/2023,4/2/2023,16.1,127.74,Delivered,932,3,7.934161491,0.137060086,OK,,
SH11497,Warehouse_HOU,Minneapolis,DHL,10/19/2023,10/20/2023,10.8,,Delivered,185,1,0,0,OK,,
SH11498,Warehouse_HOU,Boston,UPS,6/30/2023,7/4/2023,19.4,116.18,In Transit,812,4,5.988659794,0.143078818,OK,,
SH11499,Warehouse_HOU,Phoenix,UPS,4/16/2023,4/19/2023,37.7,164.72,In Transit,925,3,4.369230769,0.178075676,OK,,
SH11500,Warehouse_BOS,Portland,Amazon Logistics,9/12/2023,9/27/2023,16,110.54,Delayed,770,6,6.90875,0.143558442,OK,,
SH11501,Warehouse_BOS,Atlanta,UPS,3/6/2023,3/11/2023,26.2,212.17,Delivered,1541,5,8.098091603,0.137683323,OK,,
SH11502,Warehouse_MIA,Chicago,FedEx,7/21/2023,7/24/2023,18.4,149.34,Delivered,974,3,8.116304348,0.153326489,OK,,
SH11503,Warehouse_CHI,Denver,FedEx,8/18/2023,8/20/2023,22.3,151.26,Delivered,1000,2,6.782959641,0.15126,OK,,
SH11504,Warehouse_NYC,Miami,Amazon Logistics,9/25/2023,9/26/2023,21.1,49.13,Delivered,190,1,2.328436019,0.258578947,OK,,
SH11505,Warehouse_ATL,Minneapolis,OnTrac,6/30/2023,7/11/2023,7.7,157.65,Delayed,1140,3,20.47402597,0.138289474,OK,,
SH11506,Warehouse_SF,Miami,LaserShip,3/28/2023,4/3/2023,23.1,232.72,Delayed,1646,5,10.07445887,0.141385176,OK,,
SH11507,Warehouse_SEA,Miami,FedEx,10/10/2023,10/17/2023,15.5,303.18,Delivered,2200,7,19.56,0.137809091,OK,,
SH11508,Warehouse_DEN,Phoenix,OnTrac,12/28/2023,1/2/2024,6.8,343.72,Delivered,2246,5,50.54705882,0.153036509,Flag,,
SH11509,Warehouse_HOU,Boston,UPS,10/23/2023,10/24/2023,40.9,86.69,Delivered,295,1,2.119559902,0.293864407,OK,,
SH11510,Warehouse_ATL,Chicago,LaserShip,4/11/2023,4/18/2023,13.9,302.88,In Transit,2212,7,21.78992806,0.136925859,Flag,,
SH11511,Warehouse_LA,New York,UPS,5/28/2023,5/30/2023,29.3,95.51,Delivered,458,2,3.259726962,0.208537118,OK,,
SH11512,Warehouse_ATL,Detroit,LaserShip,8/19/2023,8/29/2023,23.9,321.25,Delayed,2386,5,13.44142259,0.134639564,OK,,
SH11513,Warehouse_BOS,Miami,Amazon Logistics,2/19/2023,2/23/2023,48.5,220.96,Delivered,1396,4,4.555876289,0.158280802,OK,,
SH11514,Warehouse_CHI,Phoenix,OnTrac,12/15/2023,12/20/2023,39.7,186.77,Delivered,890,5,4.704534005,0.209853933,OK,,
SH11515,Warehouse_HOU,New York,Amazon Logistics,4/28/2023,5/4/2023,27.7,131.18,Delayed,916,3,4.735740072,0.143209607,OK,,
SH11516,Warehouse_SF,Chicago,LaserShip,7/25/2023,7/27/2023,18.8,80.05,Delivered,496,2,4.257978723,0.161391129,OK,,
SH11517,Warehouse_NYC,San Francisco,USPS,9/18/2023,9/27/2023,9.7,284.71,Delivered,2488,9,29.35154639,0.11443328,Flag,,
SH11518,Warehouse_BOS,Dallas,DHL,6/16/2023,6/20/2023,34.9,261.45,Delivered,1507,4,7.491404011,0.173490378,OK,,
SH11519,Warehouse_DEN,Portland,LaserShip,12/25/2023,12/26/2023,22.3,,Delivered,148,1,0,0,OK,,
SH11520,Warehouse_HOU,Dallas,Amazon Logistics,5/31/2023,6/2/2023,28.2,103.67,Delivered,599,2,3.676241135,0.173071786,OK,,
SH11521,Warehouse_DEN,Denver,DHL,8/9/2023,8/10/2023,11.4,44.4,Delivered,234,1,3.894736842,0.18974359,OK,,
SH11522,Warehouse_SF,San Francisco,DHL,5/31/2023,6/8/2023,10.8,271.64,Delivered,1974,8,25.15185185,0.137608916,Flag,,
SH11523,Warehouse_CHI,San Francisco,Amazon Logistics,8/25/2023,8/31/2023,12.2,259.25,Delivered,2271,6,21.25,0.114156759,Flag,,
SH11524,Warehouse_SF,Miami,FedEx,8/29/2023,9/2/2023,22.8,221.62,Returned,1599,4,9.720175439,0.138599124,OK,,
SH11525,Warehouse_CHI,Minneapolis,DHL,6/17/2023,6/22/2023,15.1,142.08,Delivered,977,5,9.409271523,0.14542477,OK,,
SH11526,Warehouse_NYC,Denver,Amazon Logistics,10/3/2023,10/6/2023,11.3,154.45,Delivered,1311,3,13.66814159,0.117810831,OK,,
SH11527,Warehouse_CHI,Los Angeles,Amazon Logistics,5/16/2023,5/18/2023,64.7,105.03,Delivered,268,2,1.623338485,0.391902985,OK,,
SH11528,Warehouse_DEN,San Francisco,USPS,9/25/2023,9/29/2023,64.8,258.52,Delivered,1466,4,3.989506173,0.176343793,OK,,
SH11529,Warehouse_ATL,Chicago,DHL,3/3/2023,3/12/2023,21.2,312.87,Delivered,2181,9,14.75801887,0.143452545,OK,,
SH11530,Warehouse_HOU,Houston,OnTrac,1/6/2023,1/8/2023,13.4,62.54,Delivered,379,2,4.667164179,0.165013193,OK,,
SH11531,Warehouse_HOU,Portland,USPS,10/31/2023,11/3/2023,9.2,22.1,Delivered,123,3,2.402173913,0.179674797,OK,,
SH11532,Warehouse_SF,Houston,LaserShip,6/12/2023,6/15/2023,35.4,,Delivered,1203,3,0,0,OK,,
SH11533,Warehouse_ATL,Phoenix,USPS,6/3/2023,6/6/2023,41.9,108.73,Delivered,501,3,2.594988067,0.217025948,OK,,
SH11534,Warehouse_SF,Minneapolis,Amazon Logistics,12/28/2023,1/1/2024,10.3,164.78,Lost,1034,4,15.99805825,0.159361702,OK,,
SH11535,Warehouse_MIA,Denver,FedEx,11/3/2023,11/4/2023,6,50.96,In Transit,283,1,8.493333333,0.180070671,OK,,
SH11536,Warehouse_SF,San Francisco,DHL,12/24/2023,1/8/2024,14.8,137.77,Delayed,655,4,9.308783784,0.210335878,OK,,
SH11537,Warehouse_SEA,Minneapolis,OnTrac,9/30/2023,10/2/2023,17.9,87.69,Delivered,552,2,4.898882682,0.158858696,OK,,
SH11538,Warehouse_CHI,Miami,FedEx,5/13/2023,5/17/2023,179.1,216.48,Delivered,1350,4,1.208710218,0.160355556,OK,,
SH11539,Warehouse_LA,Minneapolis,FedEx,11/23/2023,11/29/2023,36.3,439.48,Delivered,2181,6,12.10688705,0.201503897,OK,,
SH11540,Warehouse_ATL,Minneapolis,DHL,6/4/2023,6/10/2023,5.8,338.34,Delivered,2466,6,58.33448276,0.137201946,Flag,,
SH11541,Warehouse_SF,Phoenix,OnTrac,5/7/2023,5/12/2023,5.6,78.42,Delivered,636,5,14.00357143,0.123301887,OK,,
SH11542,Warehouse_CHI,Detroit,USPS,12/2/2023,12/4/2023,14.1,58.04,Delivered,283,2,4.116312057,0.205088339,OK,,
SH11543,Warehouse_SF,Miami,Amazon Logistics,4/28/2023,4/30/2023,12,43.35,Delivered,208,2,3.6125,0.208413462,OK,,
SH11544,Warehouse_LA,Seattle,LaserShip,11/23/2023,11/26/2023,51,,Delivered,1135,3,0,0,OK,,
SH11545,Warehouse_SEA,Atlanta,OnTrac,6/17/2023,6/20/2023,25.2,190.12,Delivered,1442,3,7.544444444,0.13184466,OK,,
SH11546,Warehouse_LA,New York,LaserShip,5/6/2023,5/9/2023,24.1,70.43,Delivered,295,3,2.922406639,0.238745763,OK,,
SH11547,Warehouse_BOS,Denver,OnTrac,10/29/2023,11/6/2023,17.5,240.07,Delivered,1720,8,13.71828571,0.139575581,OK,,
SH11548,Warehouse_HOU,Boston,OnTrac,6/15/2023,6/18/2023,46.3,155.66,Delivered,912,3,3.361987041,0.170679825,OK,,
SH11549,Warehouse_BOS,Miami,LaserShip,6/16/2023,6/23/2023,25.6,287.97,Lost,2129,7,11.24882813,0.135260686,OK,,
SH11550,Warehouse_ATL,Miami,OnTrac,3/29/2023,3/30/2023,41.5,85.01,Delivered,305,1,2.048433735,0.278721311,OK,,
SH11551,Warehouse_MIA,Seattle,DHL,9/25/2023,,17.4,305.83,Delivered,1894,6,17.57643678,0.161473073,OK,,
SH11552,Warehouse_SEA,Boston,OnTrac,1/3/2023,,184.3,497.31,Delayed,1941,7,2.698372219,0.256213292,OK,,
SH11553,Warehouse_BOS,Atlanta,LaserShip,8/24/2023,8/30/2023,50.5,323.77,Delivered,2250,6,6.411287129,0.143897778,OK,,
SH11554,Warehouse_MIA,Detroit,LaserShip,9/16/2023,9/23/2023,9,261.35,Delivered,2105,7,29.03888889,0.12415677,Flag,,
SH11555,Warehouse_SF,Houston,DHL,12/20/2023,12/27/2023,10.5,81.73,Delayed,397,2,7.783809524,0.205869018,OK,,
SH11556,Warehouse_DEN,Miami,Amazon Logistics,1/10/2023,1/14/2023,6.7,54.04,Delivered,392,4,8.065671642,0.137857143,OK,,
SH11557,Warehouse_SF,Houston,OnTrac,7/11/2023,7/25/2023,9,126.74,Delayed,979,4,14.08222222,0.129458631,OK,,
SH11558,Warehouse_CHI,Portland,USPS,3/14/2023,3/22/2023,15.1,193.28,Delayed,1427,4,12.8,0.135444989,OK,,
SH11559,Warehouse_SF,Dallas,OnTrac,1/26/2023,1/31/2023,20.7,254.82,Delivered,1956,5,12.31014493,0.130276074,OK,,
SH11560,Warehouse_NYC,Houston,USPS,11/24/2023,11/29/2023,18.1,132.04,Delivered,863,5,7.295027624,0.153001159,OK,,
SH11561,Warehouse_SEA,New York,USPS,4/22/2023,4/29/2023,22.1,305.98,Delivered,2347,7,13.84524887,0.130370686,OK,,
SH11562,Warehouse_SEA,Houston,DHL,4/27/2023,5/1/2023,28.8,151.25,Delivered,919,4,5.251736111,0.164581066,OK,,
SH11563,Warehouse_LA,Boston,OnTrac,11/21/2023,11/24/2023,46.2,94.64,Delivered,176,3,2.048484848,0.537727273,OK,,
SH11564,Warehouse_SEA,Detroit,DHL,7/26/2023,7/31/2023,49.5,383.77,Delivered,2055,5,7.752929293,0.186749392,OK,,
SH11565,Warehouse_HOU,Chicago,UPS,4/10/2023,,39.2,293.51,Delivered,1732,6,7.4875,0.169463048,OK,,
SH11566,Warehouse_HOU,Los Angeles,USPS,10/4/2023,10/9/2023,17.7,168.61,Delivered,1439,5,9.525988701,0.117171647,OK,,
SH11567,Warehouse_HOU,Minneapolis,FedEx,3/30/2023,4/1/2023,27.9,138.4,Delivered,860,2,4.960573477,0.160930233,OK,,
SH11568,Warehouse_SF,Atlanta,DHL,1/16/2023,1/21/2023,4.6,291.01,Delivered,2171,5,63.26304348,0.134044219,Flag,,
SH11569,Warehouse_MIA,Detroit,UPS,3/9/2023,3/16/2023,13.6,261.01,Delivered,2029,7,19.19191176,0.128639724,OK,,
SH11570,Warehouse_CHI,Chicago,LaserShip,3/7/2023,3/11/2023,137.5,165.56,Delivered,136,4,1.204072727,1.217352941,OK,,
SH11571,Warehouse_DEN,Minneapolis,Amazon Logistics,4/20/2023,4/27/2023,17.1,303.85,Delivered,2247,7,17.76900585,0.135224744,OK,,
SH11572,Warehouse_SF,Denver,UPS,12/7/2023,12/8/2023,25.9,60.74,Delivered,131,1,2.345173745,0.463664122,OK,,
SH11573,Warehouse_CHI,Denver,DHL,10/3/2023,10/7/2023,18.3,172.23,Delivered,1000,4,9.41147541,0.17223,OK,,
SH11574,Warehouse_DEN,Denver,OnTrac,12/20/2023,12/22/2023,6.8,30.04,Delivered,152,2,4.417647059,0.197631579,OK,,
SH11575,Warehouse_DEN,Phoenix,FedEx,12/20/2023,12/21/2023,34.7,86.21,Delivered,224,1,2.48443804,0.384866071,OK,,
SH11576,Warehouse_LA,Houston,OnTrac,7/1/2023,7/13/2023,36.8,150.78,Delayed,882,2,4.097282609,0.170952381,OK,,
SH11577,Warehouse_MIA,San Francisco,Amazon Logistics,12/7/2023,12/11/2023,28.7,238.39,Delivered,1229,4,8.306271777,0.193970708,OK,,
SH11578,Warehouse_ATL,Atlanta,FedEx,1/16/2023,1/19/2023,8.1,171.35,Returned,1305,3,21.15432099,0.131302682,Flag,,
SH11579,Warehouse_NYC,Seattle,DHL,7/27/2023,7/30/2023,34.6,91.64,Delivered,344,3,2.648554913,0.266395349,OK,,
SH11580,Warehouse_SEA,Denver,UPS,8/7/2023,,52.4,194.19,Delivered,1071,4,3.705916031,0.181316527,OK,,
SH11581,Warehouse_SEA,Chicago,OnTrac,12/6/2023,12/13/2023,10.8,225.38,Delivered,1369,7,20.86851852,0.164631118,Flag,,
SH11582,Warehouse_LA,Los Angeles,UPS,4/22/2023,4/27/2023,16.5,282.23,Delivered,2056,5,17.10484848,0.137271401,OK,,
SH11583,Warehouse_HOU,Chicago,USPS,12/19/2023,12/23/2023,108.5,299.16,Delivered,1240,4,2.757235023,0.241258065,OK,,
SH11584,Warehouse_DEN,Los Angeles,OnTrac,4/2/2023,4/6/2023,5.8,173.56,Delivered,1355,4,29.92413793,0.128088561,Flag,,
SH11585,Warehouse_HOU,Chicago,DHL,10/21/2023,11/3/2023,31,346.62,Delayed,2201,8,11.18129032,0.157482962,OK,,
SH11586,Warehouse_BOS,Atlanta,USPS,10/16/2023,10/17/2023,58.5,83.51,Delivered,122,1,1.427521368,0.684508197,OK,,
SH11587,Warehouse_MIA,Denver,Amazon Logistics,10/4/2023,10/6/2023,18.3,119.1,Lost,860,2,6.508196721,0.138488372,OK,,
SH11588,Warehouse_HOU,Detroit,Amazon Logistics,8/19/2023,8/24/2023,38.1,172.76,Delivered,1115,5,4.534383202,0.154941704,OK,,
SH11589,Warehouse_MIA,San Francisco,DHL,5/6/2023,,42.5,287,Delivered,1527,3,6.752941176,0.187950229,OK,,
SH11590,Warehouse_SEA,Atlanta,Amazon Logistics,10/16/2023,10/19/2023,15.2,160.36,Delivered,1098,3,10.55,0.146047359,OK,,
SH11591,Warehouse_MIA,Los Angeles,OnTrac,8/5/2023,8/11/2023,23.4,311.04,Delivered,2447,6,13.29230769,0.127110748,OK,,
SH11592,Warehouse_BOS,Los Angeles,UPS,1/12/2023,1/17/2023,31.7,195.68,Delivered,1114,5,6.172870662,0.175655296,OK,,
SH11593,Warehouse_NYC,Dallas,USPS,1/12/2023,1/15/2023,16.3,105.67,Delivered,759,3,6.482822086,0.139222661,OK,,
SH11594,Warehouse_SEA,Dallas,USPS,3/14/2023,3/19/2023,34,267.21,Delivered,2176,5,7.859117647,0.122798713,OK,,
SH11595,Warehouse_MIA,Dallas,Amazon Logistics,12/19/2023,12/22/2023,10,60.18,Delivered,287,3,6.018,0.209686411,OK,,
SH11596,Warehouse_LA,New York,UPS,11/7/2023,11/11/2023,17.4,250.16,Delivered,1356,4,14.37701149,0.184483776,OK,,
SH11597,Warehouse_DEN,Atlanta,OnTrac,10/24/2023,10/26/2023,20,113.54,Delivered,737,2,5.677,0.154056988,OK,,
SH11598,Warehouse_SF,Phoenix,Amazon Logistics,7/12/2023,7/15/2023,11.5,148.69,Delivered,1189,3,12.92956522,0.125054668,OK,,
SH11599,Warehouse_CHI,Denver,DHL,12/11/2023,12/14/2023,35.1,226.64,Delivered,1000,3,6.456980057,0.22664,OK,,
SH11600,Warehouse_LA,Minneapolis,LaserShip,10/16/2023,10/22/2023,32.3,304.81,Delivered,2156,6,9.436842105,0.141377551,OK,,
SH11601,Warehouse_MIA,Miami,UPS,7/16/2023,7/18/2023,38.4,177.3,Delivered,916,2,4.6171875,0.193558952,OK,,
SH11602,Warehouse_SF,Seattle,USPS,7/28/2023,8/9/2023,71.9,123.54,Delayed,450,2,1.71821975,0.274533333,OK,,
SH11603,Warehouse_CHI,New York,OnTrac,12/15/2023,12/19/2023,10.7,219.96,Delivered,1474,4,20.55700935,0.149226594,OK,,
SH11604,Warehouse_SEA,Miami,USPS,1/14/2023,1/18/2023,20.6,181.01,In Transit,1523,4,8.786893204,0.118850952,OK,,
SH11605,Warehouse_NYC,Seattle,OnTrac,3/25/2023,3/31/2023,27.4,,Delivered,986,6,0,0,OK,,
SH11606,Warehouse_BOS,Detroit,DHL,6/16/2023,7/5/2023,23.1,323.18,Delayed,1989,6,13.99047619,0.16248366,OK,,
SH11607,Warehouse_SEA,Houston,LaserShip,3/9/2023,3/14/2023,8.2,212.27,Delivered,1713,5,25.88658537,0.123917104,Flag,,
SH11608,Warehouse_MIA,Portland,LaserShip,12/7/2023,12/9/2023,30.1,122.82,Delivered,594,2,4.080398671,0.206767677,OK,,
SH11609,Warehouse_NYC,Phoenix,FedEx,12/22/2023,12/27/2023,12.6,367.26,Delivered,2151,5,29.14761905,0.170739191,Flag,,
SH11610,Warehouse_CHI,Boston,Amazon Logistics,2/9/2023,2/13/2023,33.4,160.62,Delivered,989,4,4.808982036,0.162406471,OK,,
SH11611,Warehouse_ATL,Denver,UPS,12/21/2023,12/22/2023,17.3,70.13,Delivered,250,1,4.053757225,0.28052,OK,,
SH11612,Warehouse_LA,Boston,OnTrac,5/24/2023,5/27/2023,39.6,95.86,Delivered,378,3,2.420707071,0.253597884,OK,,
SH11613,Warehouse_CHI,Detroit,Amazon Logistics,9/27/2023,9/28/2023,58.9,105.74,Delivered,283,1,1.79524618,0.373639576,OK,,
SH11614,Warehouse_BOS,Detroit,DHL,9/9/2023,9/12/2023,66.7,268.34,Delivered,1387,3,4.023088456,0.193467916,OK,,
SH11615,Warehouse_SEA,Houston,FedEx,4/4/2023,4/10/2023,7,303.42,Delivered,2228,6,43.34571429,0.136184919,Flag,,
SH11616,Warehouse_DEN,Atlanta,LaserShip,5/19/2023,5/24/2023,49.9,288.11,Delivered,2067,5,5.773747495,0.139385583,OK,,
SH11617,Warehouse_HOU,Detroit,USPS,9/4/2023,9/10/2023,7.2,,Delayed,881,5,0,0,OK,,
SH11618,Warehouse_SF,Boston,USPS,8/24/2023,8/27/2023,8.8,132.34,Delivered,1021,3,15.03863636,0.129618022,OK,,
SH11619,Warehouse_MIA,Minneapolis,LaserShip,9/28/2023,10/1/2023,14.5,183.23,Delivered,1420,3,12.63655172,0.129035211,OK,,
SH11620,Warehouse_BOS,Phoenix,LaserShip,3/8/2023,3/12/2023,25.8,137.06,In Transit,896,4,5.312403101,0.15296875,OK,,
SH11621,Warehouse_SF,Los Angeles,OnTrac,4/25/2023,4/27/2023,10.6,110.85,Delivered,752,2,10.45754717,0.147406915,OK,,
SH11622,Warehouse_ATL,Atlanta,USPS,11/25/2023,11/27/2023,22.1,93,Delivered,398,2,4.208144796,0.233668342,OK,,
SH11623,Warehouse_DEN,Miami,Amazon Logistics,4/17/2023,4/22/2023,15.3,157.36,Delivered,1237,5,10.28496732,0.127210994,OK,,
SH11624,Warehouse_DEN,Miami,OnTrac,1/30/2023,2/3/2023,16.2,230.74,Delivered,1651,4,14.24320988,0.139757723,OK,,
SH11625,Warehouse_LA,Miami,Amazon Logistics,12/31/2023,1/4/2024,37,306.42,Delivered,1658,4,8.281621622,0.184813028,OK,,
SH11626,Warehouse_MIA,Denver,USPS,12/11/2023,12/17/2023,42.7,319.58,Delivered,1829,6,7.484309133,0.17472936,OK,,
SH11627,Warehouse_NYC,Houston,DHL,2/3/2023,2/8/2023,7.4,252.34,Delivered,1879,5,34.1,0.134294838,Flag,,
SH11628,Warehouse_HOU,Detroit,Amazon Logistics,8/17/2023,8/22/2023,23.4,89.92,Delayed,454,1,3.842735043,0.198061674,OK,,
SH11629,Warehouse_NYC,Minneapolis,Amazon Logistics,5/6/2023,5/7/2023,34.9,61.85,Delivered,197,1,1.772206304,0.313959391,OK,,
SH11630,Warehouse_DEN,Chicago,OnTrac,5/24/2023,5/29/2023,8.1,174.87,Delivered,1325,5,21.58888889,0.131977358,Flag,,
SH11631,Warehouse_LA,Portland,FedEx,11/8/2023,11/14/2023,6.2,268.27,Delivered,1538,6,43.26935484,0.174427828,Flag,,
SH11632,Warehouse_SF,Chicago,OnTrac,1/5/2023,1/10/2023,14,151.05,Delivered,1077,5,10.78928571,0.140250696,OK,,
SH11633,Warehouse_HOU,Miami,DHL,11/6/2023,11/10/2023,10,118.15,Delayed,638,2,11.815,0.185188088,OK,,
SH11634,Warehouse_SF,Boston,USPS,11/19/2023,11/28/2023,43.6,304.3,Delivered,1947,9,6.979357798,0.156291731,OK,,
SH11635,Warehouse_DEN,Atlanta,Amazon Logistics,6/22/2023,6/27/2023,16.1,143,Delivered,1074,5,8.881987578,0.133147114,OK,,
SH11636,Warehouse_ATL,Chicago,LaserShip,6/12/2023,6/15/2023,21.3,91.45,Delivered,587,3,4.29342723,0.155792164,OK,,
SH11637,Warehouse_LA,Seattle,USPS,3/22/2023,3/26/2023,66.3,204.27,Delivered,1135,4,3.080995475,0.179973568,OK,,
SH11638,Warehouse_MIA,Atlanta,OnTrac,2/21/2023,2/24/2023,5.9,103.51,Delivered,746,3,17.5440678,0.138753351,OK,,
SH11639,Warehouse_BOS,Boston,USPS,10/3/2023,10/7/2023,28.9,227.91,Lost,1675,4,7.88615917,0.136065672,OK,,
SH11640,Warehouse_LA,Boston,USPS,10/31/2023,11/7/2023,32.4,226.41,Delivered,1636,7,6.987962963,0.138392421,OK,,
SH11641,Warehouse_HOU,San Francisco,USPS,1/19/2023,1/26/2023,53,322.97,Delivered,2490,7,6.093773585,0.129706827,OK,,
SH11642,Warehouse_MIA,Portland,USPS,4/30/2023,5/13/2023,37,211.45,Delayed,1433,4,5.714864865,0.147557572,OK,,
SH11643,Warehouse_ATL,Detroit,OnTrac,5/15/2023,5/17/2023,33.8,134.61,Lost,775,2,3.982544379,0.173690323,OK,,
SH11644,Warehouse_HOU,San Francisco,OnTrac,8/22/2023,8/28/2023,12.3,190.39,Delivered,1393,6,15.47886179,0.136676238,OK,,
SH11645,Warehouse_LA,Los Angeles,DHL,2/2/2023,2/8/2023,15.5,351.5,Delivered,2499,6,22.67741935,0.140656263,Flag,,
SH11646,Warehouse_ATL,Phoenix,OnTrac,5/25/2023,5/28/2023,29.2,126.94,Delivered,680,3,4.347260274,0.186676471,OK,,
SH11647,Warehouse_CHI,Houston,DHL,2/28/2023,3/7/2023,39.9,36.45,Delayed,2190,6,0.913533835,0.016643836,OK,,
SH11648,Warehouse_LA,Los Angeles,DHL,7/27/2023,8/2/2023,24.6,295.52,Delivered,1899,6,12.01300813,0.155618747,OK,,
SH11649,Warehouse_ATL,Phoenix,FedEx,2/22/2023,2/27/2023,27.4,336.51,Delivered,2166,5,12.28138686,0.155360111,OK,,
SH11650,Warehouse_CHI,Dallas,OnTrac,8/27/2023,8/30/2023,9.9,67.66,Delivered,520,3,6.834343434,0.130115385,OK,,
SH11651,Warehouse_DEN,New York,Amazon Logistics,1/30/2023,2/1/2023,16.2,106.95,Delivered,715,2,6.601851852,0.14958042,OK,,
SH11652,Warehouse_ATL,Dallas,LaserShip,10/20/2023,10/25/2023,27.9,261.5,In Transit,1773,5,9.372759857,0.14749013,OK,,
SH11653,Warehouse_SEA,Detroit,DHL,5/15/2023,5/17/2023,16.2,75.07,Delivered,369,2,4.633950617,0.203441734,OK,,
SH11654,Warehouse_NYC,Los Angeles,FedEx,8/18/2023,8/20/2023,5.3,107.55,Delivered,846,2,20.29245283,0.12712766,OK,,
SH11655,Warehouse_LA,Boston,Amazon Logistics,8/29/2023,9/1/2023,23.7,137.37,Delivered,905,3,5.796202532,0.151790055,OK,,
SH11656,Warehouse_BOS,Los Angeles,DHL,12/2/2023,12/4/2023,5.6,36.1,Delivered,171,2,6.446428571,0.211111111,OK,,
SH11657,Warehouse_MIA,Minneapolis,DHL,2/18/2023,2/24/2023,8.9,296.47,Delivered,2222,6,33.31123596,0.133424842,Flag,,
SH11658,Warehouse_SEA,Miami,FedEx,2/8/2023,2/14/2023,27.2,375.67,Delivered,2462,6,13.81139706,0.152587327,OK,,
SH11659,Warehouse_ATL,Minneapolis,OnTrac,7/6/2023,7/11/2023,9.7,191.62,Delivered,1529,5,19.75463918,0.125323741,OK,,
SH11660,Warehouse_BOS,Miami,UPS,4/30/2023,5/5/2023,3,237.95,Delivered,1912,5,79.31666667,0.124450837,Flag,,
SH11661,Warehouse_LA,New York,LaserShip,12/17/2023,12/20/2023,60.3,272.78,Delivered,1194,3,4.52371476,0.228458961,OK,,
SH11662,Warehouse_CHI,Detroit,UPS,12/9/2023,12/20/2023,10.3,,Delayed,283,1,0,0,OK,,
SH11663,Warehouse_SF,Portland,LaserShip,6/11/2023,6/17/2023,34.3,296.22,Delivered,1916,6,8.636151603,0.15460334,OK,,
SH11664,Warehouse_MIA,Denver,UPS,4/8/2023,4/13/2023,34.2,113.11,Delivered,504,5,3.307309942,0.224424603,OK,,
SH11665,Warehouse_SEA,Chicago,Amazon Logistics,8/1/2023,8/9/2023,70.5,367.67,Delivered,2442,8,5.215177305,0.150561016,OK,,
SH11666,Warehouse_LA,Seattle,LaserShip,3/27/2023,4/1/2023,13.1,162.21,Delivered,1135,5,12.38244275,0.1429163,OK,,
SH11667,Warehouse_CHI,Phoenix,LaserShip,10/30/2023,11/4/2023,26.5,254.13,Delivered,1815,5,9.589811321,0.140016529,OK,,
SH11668,Warehouse_DEN,Denver,FedEx,12/27/2023,12/30/2023,13.6,166.26,In Transit,834,3,12.225,0.199352518,OK,,
SH11669,Warehouse_ATL,Seattle,DHL,11/27/2023,11/30/2023,18.6,202.15,Delivered,997,3,10.86827957,0.202758275,OK,,
SH11670,Warehouse_LA,Phoenix,Amazon Logistics,2/27/2023,3/1/2023,32.6,89.42,Delivered,373,2,2.742944785,0.239731903,OK,,
SH11671,Warehouse_MIA,Chicago,FedEx,12/6/2023,12/13/2023,9,352.78,Delivered,1993,7,39.19777778,0.177009533,Flag,,
SH11672,Warehouse_NYC,San Francisco,LaserShip,5/5/2023,5/12/2023,19.4,322.16,Delivered,2423,7,16.60618557,0.132959142,OK,,
SH11673,Warehouse_BOS,Dallas,LaserShip,5/23/2023,5/27/2023,4.7,228.78,Delivered,1732,4,48.67659574,0.132090069,Flag,,
SH11674,Warehouse_MIA,Portland,USPS,6/29/2023,7/1/2023,15.9,119.24,Delivered,928,2,7.499371069,0.128491379,OK,,
SH11675,Warehouse_SEA,Detroit,FedEx,4/6/2023,4/10/2023,16,220.43,Delivered,1521,4,13.776875,0.144924392,OK,,
SH11676,Warehouse_ATL,Detroit,Amazon Logistics,8/5/2023,8/12/2023,11.4,263.34,Delivered,2178,7,23.1,0.120909091,Flag,,
SH11677,Warehouse_HOU,Atlanta,OnTrac,6/3/2023,6/17/2023,43.6,155.15,Delayed,800,4,3.558486239,0.1939375,OK,,
SH11678,Warehouse_DEN,Boston,LaserShip,8/23/2023,8/28/2023,45.5,293.95,Delivered,2201,5,6.46043956,0.13355293,OK,,
SH11679,Warehouse_SF,Phoenix,USPS,5/17/2023,5/18/2023,18.3,31.27,Delivered,117,1,1.708743169,0.267264957,OK,,
SH11680,Warehouse_ATL,Boston,DHL,6/15/2023,6/20/2023,29.2,280.92,Delivered,1739,5,9.620547945,0.161541116,OK,,
SH11681,Warehouse_MIA,Atlanta,FedEx,4/5/2023,4/21/2023,81.9,247.05,Delayed,1123,3,3.016483516,0.219991095,OK,,
SH11682,Warehouse_SF,Chicago,LaserShip,4/16/2023,4/17/2023,43.5,111.47,Delivered,421,1,2.562528736,0.264774347,OK,,
SH11683,Warehouse_SF,Seattle,UPS,2/13/2023,2/19/2023,12.5,119.12,Delivered,916,6,9.5296,0.130043668,OK,,
SH11684,Warehouse_NYC,San Francisco,USPS,5/20/2023,5/26/2023,21.5,271.82,Delivered,2202,6,12.6427907,0.123442325,OK,,
SH11685,Warehouse_NYC,Boston,OnTrac,8/31/2023,9/2/2023,19,46.94,Delivered,215,2,2.470526316,0.218325581,OK,,
SH11686,Warehouse_SEA,Seattle,OnTrac,11/24/2023,11/27/2023,53.8,121.01,Delivered,371,3,2.249256506,0.326172507,OK,,
SH11687,Warehouse_SF,Seattle,Amazon Logistics,3/16/2023,3/30/2023,21.6,73.32,Delayed,378,3,3.394444444,0.193968254,OK,,
SH11688,Warehouse_SEA,Chicago,FedEx,9/23/2023,10/1/2023,14.8,215.86,Delivered,1456,8,14.58513514,0.148255495,OK,,
SH11689,Warehouse_LA,Chicago,FedEx,10/8/2023,10/18/2023,10.7,170.69,Delayed,1114,3,15.95233645,0.153222621,OK,,
SH11690,Warehouse_DEN,Portland,UPS,6/16/2023,6/20/2023,42,218.32,Delivered,1417,4,5.198095238,0.154071983,OK,,
SH11691,Warehouse_SEA,Houston,DHL,5/5/2023,5/10/2023,19,224.15,Delivered,1402,5,11.79736842,0.159878745,OK,,
SH11692,Warehouse_LA,Atlanta,DHL,3/25/2023,3/26/2023,18.4,46.71,Delivered,178,1,2.538586957,0.26241573,OK,,
SH11693,Warehouse_DEN,Houston,UPS,1/29/2023,2/3/2023,16,205.32,Delivered,1575,5,12.8325,0.130361905,OK,,
SH11694,Warehouse_NYC,Atlanta,USPS,9/23/2023,9/30/2023,13.9,107.12,Delivered,870,7,7.70647482,0.123126437,OK,,
SH11695,Warehouse_ATL,Portland,Amazon Logistics,4/6/2023,4/13/2023,6.3,258.52,Delivered,1995,7,41.03492063,0.12958396,Flag,,
SH11696,Warehouse_DEN,Portland,USPS,1/27/2023,1/29/2023,20,92.89,Delivered,606,2,4.6445,0.153283828,OK,,
SH11697,Warehouse_NYC,Minneapolis,OnTrac,5/15/2023,5/18/2023,30.8,84.89,Delivered,433,3,2.756168831,0.196050808,OK,,
SH11698,Warehouse_SEA,Portland,DHL,11/9/2023,11/13/2023,38.8,192.95,Delivered,755,4,4.972938144,0.255562914,OK,,
SH11699,Warehouse_CHI,Portland,LaserShip,2/25/2023,3/2/2023,69.7,267.92,Delivered,1580,5,3.843902439,0.16956962,OK,,
SH11700,Warehouse_ATL,Los Angeles,USPS,6/14/2023,6/19/2023,45.3,234.57,Delivered,1464,5,5.178145695,0.16022541,OK,,
SH11701,Warehouse_HOU,Minneapolis,Amazon Logistics,10/10/2023,10/29/2023,43.7,350.82,Delayed,2299,6,8.02791762,0.152596781,OK,,
SH11702,Warehouse_CHI,Miami,Amazon Logistics,3/1/2023,3/7/2023,16.4,178.38,Delivered,1350,6,10.87682927,0.132133333,OK,,
SH11703,Warehouse_HOU,Los Angeles,USPS,6/24/2023,6/25/2023,7,49.21,Returned,386,1,7.03,0.127487047,OK,,
SH11704,Warehouse_BOS,Portland,UPS,7/2/2023,7/10/2023,13,250.6,Delivered,1899,8,19.27692308,0.131964192,OK,,
SH11705,Warehouse_LA,Portland,LaserShip,8/20/2023,8/24/2023,40.5,155.06,Delivered,787,4,3.828641975,0.197026684,OK,,
SH11706,Warehouse_NYC,Portland,LaserShip,5/26/2023,6/1/2023,50.6,328.01,Delivered,2388,6,6.482411067,0.137357621,OK,,
SH11707,Warehouse_ATL,Dallas,Amazon Logistics,7/29/2023,8/3/2023,35.4,301.47,Delivered,2347,5,8.516101695,0.128449084,OK,,
SH11708,Warehouse_SF,San Francisco,FedEx,11/14/2023,11/19/2023,9.7,228.09,Delivered,1364,5,23.51443299,0.167221408,Flag,,
SH11709,Warehouse_LA,Seattle,UPS,2/27/2023,3/2/2023,7.2,137.16,Delivered,1135,3,19.05,0.120845815,OK,,
SH11710,Warehouse_CHI,Boston,OnTrac,3/11/2023,3/18/2023,10.7,290.55,Delivered,2200,7,27.15420561,0.132068182,Flag,,
SH11711,Warehouse_CHI,Denver,FedEx,4/21/2023,4/27/2023,19.5,150.02,Delivered,1000,6,7.693333333,0.15002,OK,,
SH11712,Warehouse_BOS,Chicago,UPS,5/5/2023,5/8/2023,11.7,99.97,Delivered,701,3,8.544444444,0.142610556,OK,,
SH11713,Warehouse_NYC,Detroit,DHL,4/12/2023,4/16/2023,28.8,325.2,Delivered,1883,4,11.29166667,0.172703133,OK,,
SH11714,Warehouse_BOS,Detroit,UPS,6/30/2023,7/6/2023,7,296.15,Delivered,2424,6,42.30714286,0.122174092,Flag,,
SH11715,Warehouse_SF,New York,FedEx,5/1/2023,5/9/2023,48.9,354.59,Lost,2059,8,7.251329243,0.172214667,OK,,
SH11716,Warehouse_SEA,Portland,OnTrac,6/15/2023,6/24/2023,108.8,368.09,Delayed,1857,5,3.383180147,0.198217555,OK,,
SH11717,Warehouse_MIA,Atlanta,USPS,11/4/2023,11/9/2023,12.2,37.96,Delivered,152,5,3.11147541,0.249736842,OK,,
SH11718,Warehouse_MIA,Minneapolis,DHL,12/11/2023,12/16/2023,9,287.97,In Transit,1495,5,31.99666667,0.192622074,Flag,,
SH11719,Warehouse_HOU,Denver,OnTrac,8/14/2023,8/17/2023,17.3,146.14,Delivered,1030,3,8.447398844,0.141883495,OK,,
SH11720,Warehouse_SF,Denver,FedEx,5/21/2023,5/24/2023,19.4,143.96,Delivered,854,3,7.420618557,0.168571429,OK,,
SH11721,Warehouse_SEA,Portland,USPS,4/25/2023,4/26/2023,22.8,36.24,Delivered,101,1,1.589473684,0.358811881,OK,,
SH11722,Warehouse_HOU,Boston,LaserShip,12/31/2023,1/5/2024,27.4,392.67,Delivered,2353,5,14.3310219,0.166880578,OK,,
SH11723,Warehouse_HOU,Los Angeles,USPS,7/13/2023,7/16/2023,17.7,170.71,Delivered,1382,3,9.644632768,0.123523878,OK,,
SH11724,Warehouse_DEN,Boston,DHL,6/24/2023,7/8/2023,38.5,174.45,Delayed,975,3,4.531168831,0.178923077,OK,,
SH11725,Warehouse_LA,Denver,USPS,7/3/2023,7/7/2023,15.2,181.08,Delivered,1453,4,11.91315789,0.124624914,OK,,
SH11726,Warehouse_ATL,Houston,UPS,8/19/2023,8/22/2023,9.5,177.71,In Transit,1321,3,18.70631579,0.134526874,OK,,
SH11727,Warehouse_ATL,Boston,USPS,10/30/2023,9/30/2023,25.2,295.59,Delivered,2279,7,11.7297619,0.129701624,OK,,
SH11728,Warehouse_HOU,New York,FedEx,6/8/2023,6/13/2023,11.8,116.39,Delivered,835,5,9.863559322,0.139389222,OK,,
SH11729,Warehouse_LA,Miami,OnTrac,6/3/2023,6/7/2023,8.7,124.66,Delivered,1035,4,14.32873563,0.120444444,OK,,
SH11730,Warehouse_DEN,San Francisco,USPS,4/3/2023,4/7/2023,226.6,44.83,Delivered,202,4,0.197837599,0.221930693,OK,,
SH11731,Warehouse_CHI,Minneapolis,Amazon Logistics,8/19/2023,8/21/2023,14.3,44.86,Delivered,226,2,3.137062937,0.198495575,OK,,
SH11732,Warehouse_HOU,Miami,FedEx,11/18/2023,11/24/2023,47.6,434.73,Delivered,2194,6,9.132983193,0.198144941,OK,,
SH11733,Warehouse_HOU,Phoenix,Amazon Logistics,11/5/2023,11/16/2023,22.5,320.2,Delivered,1865,11,14.23111111,0.171689008,OK,,
SH11734,Warehouse_CHI,Denver,FedEx,4/3/2023,4/7/2023,19.1,159.14,Delivered,1000,4,8.331937173,0.15914,OK,,
SH11735,Warehouse_BOS,Minneapolis,USPS,3/24/2023,3/29/2023,58.8,177.73,Delivered,892,5,3.022619048,0.199248879,OK,,
SH11736,Warehouse_SF,Phoenix,LaserShip,10/24/2023,11/1/2023,32,301.33,Delivered,2356,8,9.4165625,0.127898981,OK,,
SH11737,Warehouse_DEN,Miami,LaserShip,12/5/2023,12/6/2023,5,33.88,Delivered,165,1,6.776,0.205333333,OK,,
SH11738,Warehouse_MIA,Miami,FedEx,5/7/2023,5/9/2023,0.2,88.88,Delivered,403,2,444.4,0.220545906,Flag,,
SH11739,Warehouse_LA,Phoenix,OnTrac,8/1/2023,8/3/2023,9.7,60.27,Delivered,373,2,6.213402062,0.161581769,OK,,
SH11740,Warehouse_LA,New York,DHL,4/18/2023,4/22/2023,29.8,248.19,Delivered,1462,4,8.32852349,0.169760602,OK,,
SH11741,Warehouse_SF,Minneapolis,USPS,1/28/2023,2/4/2023,15.7,199.62,Delivered,1715,7,12.71464968,0.116396501,OK,,
SH11742,Warehouse_NYC,Detroit,OnTrac,2/19/2023,2/24/2023,55,282.54,Delivered,2033,5,5.137090909,0.138976881,OK,,
SH11743,Warehouse_MIA,Phoenix,Amazon Logistics,12/3/2023,12/21/2023,31.4,226.08,Delayed,1430,5,7.2,0.158097902,OK,,
SH11744,Warehouse_ATL,Dallas,LaserShip,9/28/2023,10/2/2023,54.2,240.9,Delivered,1309,4,4.444649446,0.184033613,OK,,
SH11745,Warehouse_HOU,Boston,USPS,8/28/2023,9/2/2023,54.6,185.97,Delivered,942,5,3.406043956,0.197420382,OK,,
SH11746,Warehouse_LA,Seattle,USPS,12/26/2023,1/3/2024,46.8,230.72,Delayed,1135,3,4.92991453,0.203277533,OK,,
SH11747,Warehouse_SF,Portland,USPS,8/26/2023,8/30/2023,36.7,163.14,Delivered,1070,4,4.445231608,0.15246729,OK,,
SH11748,Warehouse_ATL,San Francisco,UPS,5/18/2023,5/23/2023,20.9,267.89,Delivered,2032,5,12.81770335,0.13183563,OK,,
SH11749,Warehouse_NYC,Portland,FedEx,4/6/2023,4/12/2023,6.6,297.63,Delivered,2132,6,45.09545455,0.139601313,Flag,,
SH11750,Warehouse_ATL,Seattle,LaserShip,11/6/2023,11/9/2023,12.4,167.33,Lost,1030,3,13.49435484,0.162456311,OK,,
SH11751,Warehouse_BOS,Dallas,LaserShip,8/3/2023,8/8/2023,20.2,,Delivered,1360,5,0,0,OK,,
SH11752,Warehouse_DEN,Phoenix,Amazon Logistics,11/3/2023,11/6/2023,40.3,158.18,Delivered,645,3,3.925062035,0.24524031,OK,,
SH11753,Warehouse_SF,Denver,USPS,10/20/2023,11/6/2023,12.4,256.57,Delayed,2179,6,20.69112903,0.117746673,Flag,,
SH11754,Warehouse_SEA,Chicago,DHL,2/18/2023,2/20/2023,22.2,83.4,Returned,368,2,3.756756757,0.226630435,OK,,
SH11755,Warehouse_SF,Phoenix,USPS,4/30/2023,5/5/2023,24.6,171.1,Delivered,1225,5,6.955284553,0.139673469,OK,,
SH11756,Warehouse_LA,Phoenix,OnTrac,7/16/2023,7/17/2023,94,143.2,Delivered,373,1,1.523404255,0.383914209,OK,,
SH11757,Warehouse_ATL,Denver,FedEx,10/5/2023,10/10/2023,59.3,388.44,Delivered,2161,5,6.550421585,0.179750116,OK,,
SH11758,Warehouse_BOS,Seattle,UPS,6/5/2023,6/7/2023,13.1,85.44,Delivered,610,2,6.522137405,0.140065574,OK,,
SH11759,Warehouse_SEA,Los Angeles,FedEx,7/15/2023,7/18/2023,20,140.66,Delivered,847,3,7.033,0.166068477,OK,,
SH11760,Warehouse_SEA,Minneapolis,Amazon Logistics,6/28/2023,7/6/2023,49.4,333.09,Delivered,2256,8,6.742712551,0.147646277,OK,,
SH11761,Warehouse_DEN,Minneapolis,OnTrac,10/20/2023,10/24/2023,23.5,194.11,Delivered,1324,4,8.26,0.146608761,OK,,
SH11762,Warehouse_CHI,Chicago,USPS,5/31/2023,6/5/2023,85.1,391.46,Delivered,2467,5,4.6,0.158678557,OK,,
SH11763,Warehouse_LA,Denver,LaserShip,5/24/2023,5/28/2023,41.4,251.14,Delivered,1801,4,6.066183575,0.139444753,OK,,
SH11764,Warehouse_SF,Seattle,FedEx,9/12/2023,9/15/2023,5.3,76.55,Delivered,559,3,14.44339623,0.136940966,OK,,
SH11765,Warehouse_CHI,Chicago,UPS,2/26/2023,2/28/2023,122.7,288.29,Delivered,962,2,2.349551752,0.299677755,OK,,
SH11766,Warehouse_BOS,Los Angeles,OnTrac,5/13/2023,5/18/2023,24.4,321.82,Delivered,2429,5,13.18934426,0.132490737,OK,,
SH11767,Warehouse_SF,Detroit,UPS,6/7/2023,6/12/2023,6.1,279.81,Delivered,2102,5,45.8704918,0.13311608,Flag,,
SH11768,Warehouse_HOU,New York,DHL,10/15/2023,10/18/2023,18.1,148.79,Delivered,914,3,8.220441989,0.162789934,OK,,
SH11769,Warehouse_DEN,Miami,OnTrac,3/19/2023,3/24/2023,3.5,215.07,Delivered,1843,5,61.44857143,0.116695605,Flag,,
SH11770,Warehouse_LA,Detroit,UPS,3/21/2023,3/23/2023,15.8,132.3,Delivered,878,2,8.373417722,0.150683371,OK,,
SH11771,Warehouse_SEA,Portland,FedEx,6/19/2023,6/24/2023,40.7,168.17,Delivered,816,5,4.131941032,0.206090686,OK,,
SH11772,Warehouse_ATL,Miami,DHL,10/22/2023,10/30/2023,33.7,402.35,Delivered,2414,8,11.93916914,0.166673571,OK,,
SH11773,Warehouse_LA,Chicago,OnTrac,4/30/2023,5/1/2023,27,79.51,Delivered,391,1,2.944814815,0.203350384,OK,,
SH11774,Warehouse_BOS,Seattle,FedEx,6/19/2023,6/25/2023,9.7,119.44,Delivered,757,6,12.31340206,0.157780713,OK,,
SH11775,Warehouse_MIA,Portland,FedEx,3/27/2023,4/5/2023,12.8,331.5,Delivered,2488,9,25.8984375,0.13323955,Flag,,
SH11776,Warehouse_DEN,Detroit,OnTrac,10/21/2023,10/26/2023,6.3,282.62,Delivered,2188,5,44.86031746,0.12916819,Flag,,
SH11777,Warehouse_CHI,Minneapolis,USPS,7/12/2023,7/15/2023,23.1,204.7,Delivered,1547,3,8.861471861,0.132320621,OK,,
SH11778,Warehouse_SEA,Atlanta,FedEx,8/1/2023,8/3/2023,10.3,47.05,Delivered,224,2,4.567961165,0.210044643,OK,,
SH11779,Warehouse_BOS,Houston,DHL,11/7/2023,11/10/2023,73.9,268.7,Delivered,747,3,3.635994587,0.359705489,OK,,
SH11780,Warehouse_DEN,Miami,USPS,8/9/2023,8/12/2023,47.3,215.93,Lost,1552,3,4.565116279,0.139130155,OK,,
SH11781,Warehouse_HOU,Detroit,OnTrac,9/2/2023,9/8/2023,30.5,322.75,Delivered,2410,6,10.58196721,0.133921162,OK,,
SH11782,Warehouse_SF,Denver,UPS,11/2/2023,11/3/2023,14.7,81.27,Delivered,395,1,5.528571429,0.205746835,OK,,
SH11783,Warehouse_SEA,San Francisco,DHL,1/21/2023,1/24/2023,12.6,201.27,Delivered,1462,3,15.97380952,0.137667579,OK,,
SH11784,Warehouse_NYC,Portland,OnTrac,3/22/2023,3/26/2023,28.8,183.25,Delivered,1399,4,6.362847222,0.130986419,OK,,
SH11785,Warehouse_NYC,Seattle,FedEx,5/1/2023,5/6/2023,45.7,206.4,Delivered,1025,5,4.516411379,0.201365854,OK,,
SH11786,Warehouse_SEA,New York,OnTrac,3/14/2023,3/15/2023,24.3,45.64,Delivered,118,1,1.8781893,0.386779661,OK,,
SH11787,Warehouse_DEN,Phoenix,Amazon Logistics,12/26/2023,12/29/2023,22.5,199.07,Delivered,1226,3,8.847555556,0.162373573,OK,,
SH11788,Warehouse_LA,Portland,OnTrac,12/7/2023,12/21/2023,48.8,347.95,Delayed,2192,6,7.130122951,0.158736314,OK,,
SH11789,Warehouse_NYC,Chicago,UPS,4/29/2023,5/1/2023,7.9,99.83,Delivered,790,2,12.63670886,0.126367089,OK,,
SH11790,Warehouse_SF,Denver,UPS,10/26/2023,11/5/2023,34,316.69,Delayed,2072,6,9.314411765,0.152842664,OK,,
SH11791,Warehouse_ATL,New York,UPS,3/2/2023,3/5/2023,21.9,174.25,Delivered,1073,3,7.956621005,0.162395154,OK,,
SH11792,Warehouse_DEN,San Francisco,Amazon Logistics,2/4/2023,2/7/2023,17.9,54.51,Delivered,255,3,3.045251397,0.213764706,OK,,
SH11793,Warehouse_DEN,Detroit,UPS,10/27/2023,10/30/2023,7.9,111.49,Delivered,865,3,14.11265823,0.128890173,OK,,
SH11794,Warehouse_LA,Minneapolis,OnTrac,4/19/2023,4/26/2023,6.7,213.54,In Transit,1694,7,31.87164179,0.126056671,Flag,,
SH11795,Warehouse_ATL,Los Angeles,FedEx,4/17/2023,4/23/2023,5.1,175.6,Delivered,1317,6,34.43137255,0.133333333,Flag,,
SH11796,Warehouse_MIA,Portland,USPS,5/30/2023,6/1/2023,13.1,82.17,Delivered,645,2,6.272519084,0.127395349,OK,,
SH11797,Warehouse_NYC,Chicago,USPS,5/28/2023,5/30/2023,19.5,122.68,Delivered,790,2,6.291282051,0.155291139,OK,,
SH11798,Warehouse_SEA,New York,OnTrac,4/23/2023,4/26/2023,12.1,147.53,Delivered,1172,3,12.19256198,0.12587884,OK,,
SH11799,Warehouse_CHI,Atlanta,OnTrac,7/31/2023,8/4/2023,24.6,231.44,Delivered,1711,4,9.408130081,0.135265926,OK,,
SH11800,Warehouse_HOU,Dallas,OnTrac,3/13/2023,3/18/2023,17.7,325.61,Delivered,2345,5,18.3960452,0.138852878,OK,,
SH11801,Warehouse_LA,Los Angeles,DHL,7/8/2023,7/10/2023,61.4,111.25,Delivered,128,2,1.811889251,0.869140625,OK,,
SH11802,Warehouse_SF,San Francisco,FedEx,1/18/2023,1/24/2023,13.6,260.65,Delivered,2044,6,19.16544118,0.127519569,OK,,
SH11803,Warehouse_LA,Dallas,USPS,8/3/2023,8/9/2023,29.4,212.9,In Transit,1435,6,7.241496599,0.148362369,OK,,
SH11804,Warehouse_HOU,Miami,FedEx,10/28/2023,11/13/2023,14.7,224.05,Delayed,1715,5,15.2414966,0.130641399,OK,,
SH11805,Warehouse_ATL,Phoenix,DHL,12/19/2023,12/23/2023,7.4,323.36,Delivered,1880,4,43.6972973,0.172,Flag,,
SH11806,Warehouse_NYC,Houston,OnTrac,7/4/2023,7/10/2023,16.2,245.98,Delivered,1870,6,15.18395062,0.131540107,OK,,
SH11807,Warehouse_NYC,Portland,LaserShip,7/6/2023,7/10/2023,6.2,139.44,Delivered,1227,4,22.49032258,0.113643032,Flag,,
SH11808,Warehouse_HOU,San Francisco,OnTrac,5/16/2023,5/23/2023,15.7,318.84,Delivered,2321,7,20.30828025,0.137371822,OK,,
SH11809,Warehouse_DEN,Atlanta,USPS,7/12/2023,7/16/2023,30.2,,Delivered,1393,4,0,0,OK,,
SH11810,Warehouse_ATL,Atlanta,FedEx,7/21/2023,7/29/2023,32.8,360.03,Delivered,2464,8,10.97652439,0.146116071,OK,,
SH11811,Warehouse_MIA,Detroit,DHL,4/16/2023,4/18/2023,29.5,110.42,Delivered,476,2,3.743050847,0.23197479,OK,,
SH11812,Warehouse_NYC,Phoenix,OnTrac,9/1/2023,9/5/2023,16.7,203.66,Delivered,1423,4,12.19520958,0.143120169,OK,,
SH11813,Warehouse_SEA,San Francisco,FedEx,5/9/2023,5/24/2023,16.6,285.36,Delayed,2126,7,17.19036145,0.134223895,OK,,
SH11814,Warehouse_DEN,San Francisco,LaserShip,10/13/2023,10/17/2023,17,245.26,Delivered,1731,4,14.42705882,0.141686886,OK,,
SH11815,Warehouse_LA,Denver,Amazon Logistics,9/20/2023,9/22/2023,30.5,115.38,Delivered,619,2,3.78295082,0.186397415,OK,,
SH11816,Warehouse_MIA,Minneapolis,DHL,5/25/2023,5/30/2023,17.7,326.9,Delivered,2208,5,18.46892655,0.148052536,OK,,
SH11817,Warehouse_CHI,Dallas,USPS,4/23/2023,4/27/2023,11.6,135.55,Delivered,1021,4,11.68534483,0.132761998,OK,,
SH11818,Warehouse_BOS,Detroit,OnTrac,5/11/2023,5/19/2023,34.6,319.66,Delivered,2216,8,9.238728324,0.144250903,OK,,
SH11819,Warehouse_BOS,Denver,DHL,2/23/2023,3/1/2023,35.3,314.52,Delivered,1724,6,8.909915014,0.182436195,OK,,
SH11820,Warehouse_SF,Los Angeles,USPS,4/21/2023,4/27/2023,5.3,263.08,Delivered,2362,6,49.63773585,0.111380186,Flag,,
SH11821,Warehouse_MIA,Detroit,OnTrac,3/27/2023,4/1/2023,32.1,323.03,Delivered,2360,5,10.06323988,0.136877119,OK,,
SH11822,Warehouse_ATL,Boston,OnTrac,3/4/2023,3/10/2023,17.1,302.85,Delivered,2450,6,17.71052632,0.123612245,OK,,
SH11823,Warehouse_HOU,Boston,Amazon Logistics,5/1/2023,5/5/2023,7.5,208.84,Delivered,1642,4,27.84533333,0.127186358,Flag,,
SH11824,Warehouse_HOU,New York,USPS,2/20/2023,2/27/2023,89.4,267.14,Delivered,1548,7,2.988143177,0.172571059,OK,,
SH11825,Warehouse_HOU,Seattle,Amazon Logistics,12/27/2023,1/8/2024,16.7,336.83,Delayed,2305,8,20.16946108,0.146130152,OK,,
SH11826,Warehouse_MIA,Chicago,FedEx,5/11/2023,5/15/2023,17.8,263.77,Delivered,1657,4,14.81853933,0.159185275,OK,,
SH11827,Warehouse_NYC,Minneapolis,UPS,9/28/2023,10/3/2023,19.8,253.63,Delivered,1855,5,12.80959596,0.136727763,OK,,
SH11828,Warehouse_NYC,Seattle,USPS,11/18/2023,11/22/2023,35.9,220.77,Delivered,1360,4,6.149582173,0.162330882,OK,,
SH11829,Warehouse_SF,Portland,FedEx,8/9/2023,8/10/2023,27.9,59.52,Delivered,139,1,2.133333333,0.428201439,OK,,
SH11830,Warehouse_LA,Portland,USPS,11/21/2023,11/24/2023,82.7,243.19,Delivered,1023,3,2.940628779,0.237722385,OK,,
SH11831,Warehouse_SEA,Miami,Amazon Logistics,6/25/2023,7/1/2023,39.1,273.41,Delivered,2104,6,6.99258312,0.129947719,OK,,
SH11832,Warehouse_SF,Dallas,Amazon Logistics,1/6/2023,1/8/2023,26.2,48.64,Lost,116,2,1.85648855,0.419310345,OK,,
SH11833,Warehouse_MIA,Denver,LaserShip,12/25/2023,12/30/2023,20.4,281.08,Delivered,1809,5,13.77843137,0.155378662,OK,,
SH11834,Warehouse_BOS,Detroit,USPS,10/15/2023,10/18/2023,4.8,173.28,Delivered,1478,3,36.1,0.117239513,Flag,,
SH11835,Warehouse_BOS,Portland,USPS,4/20/2023,4/26/2023,6.4,219.55,Delivered,1811,6,34.3046875,0.121231364,Flag,,
SH11836,Warehouse_HOU,Miami,LaserShip,6/28/2023,7/2/2023,25.4,171.77,Delivered,1145,4,6.762598425,0.150017467,OK,,
SH11837,Warehouse_SF,Los Angeles,LaserShip,11/2/2023,11/7/2023,15.2,322.73,Delivered,2106,5,21.23223684,0.153243115,Flag,,
SH11838,Warehouse_SF,Houston,UPS,11/4/2023,11/6/2023,19.5,123.49,Delivered,629,2,6.332820513,0.196327504,OK,,
SH11839,Warehouse_ATL,Portland,FedEx,8/8/2023,8/12/2023,25.1,296.48,Delivered,1809,4,11.81195219,0.163891653,OK,,
SH11840,Warehouse_BOS,Los Angeles,Amazon Logistics,11/24/2023,11/28/2023,34,63.15,In Transit,113,4,1.857352941,0.558849558,OK,,
SH11841,Warehouse_ATL,Dallas,DHL,2/27/2023,3/17/2023,25,381.58,Delayed,2462,5,15.2632,0.154987815,OK,,
SH11842,Warehouse_HOU,Detroit,OnTrac,8/27/2023,8/30/2023,5.3,73,Delivered,503,3,13.77358491,0.145129225,OK,,
SH11843,Warehouse_HOU,Houston,USPS,3/16/2023,3/20/2023,52,229.42,Delivered,1460,4,4.411923077,0.157136986,OK,,
SH11844,Warehouse_NYC,Dallas,Amazon Logistics,1/15/2023,1/21/2023,27.4,,Delivered,1518,6,0,0,OK,,
SH11845,Warehouse_NYC,San Francisco,Amazon Logistics,1/15/2023,1/19/2023,17.3,73.25,In Transit,489,4,4.234104046,0.149795501,OK,,
SH11846,Warehouse_DEN,Denver,Amazon Logistics,9/7/2023,9/9/2023,38.9,101.69,Delivered,491,2,2.614138817,0.207107943,OK,,
SH11847,Warehouse_MIA,Detroit,OnTrac,2/18/2023,2/28/2023,12.6,77.29,Delayed,464,3,6.134126984,0.166573276,OK,,
SH11848,Warehouse_ATL,Minneapolis,Amazon Logistics,8/1/2023,8/15/2023,79.6,,Delayed,1521,6,0,0,OK,,
SH11849,Warehouse_CHI,Atlanta,DHL,7/19/2023,7/24/2023,7.7,272.22,Delivered,1814,5,35.35324675,0.150066152,Flag,,
SH11850,Warehouse_SEA,Portland,LaserShip,5/17/2023,5/23/2023,16.6,261.31,Delivered,2220,6,15.74156627,0.117707207,OK,,
SH11851,Warehouse_NYC,Portland,USPS,4/7/2023,4/13/2023,20.8,289.2,Delivered,2420,6,13.90384615,0.119504132,OK,,
SH11852,Warehouse_SF,Atlanta,Amazon Logistics,2/23/2023,3/2/2023,6.6,81.82,Delayed,613,5,12.3969697,0.133474715,OK,,
SH11853,Warehouse_BOS,San Francisco,LaserShip,8/7/2023,8/13/2023,21.5,293.41,Delivered,2170,6,13.64697674,0.135211982,OK,,
SH11854,Warehouse_MIA,Los Angeles,DHL,7/27/2023,7/29/2023,13.7,87.28,Delivered,451,2,6.37080292,0.193525499,OK,,
SH11855,Warehouse_NYC,Dallas,Amazon Logistics,12/21/2023,1/8/2024,16,158.75,Delayed,1052,7,9.921875,0.150903042,OK,,
SH11856,Warehouse_SEA,Portland,USPS,1/27/2023,2/8/2023,20,63.36,Delayed,379,2,3.168,0.167176781,OK,,
SH11857,Warehouse_ATL,Phoenix,DHL,3/12/2023,3/17/2023,4.2,266.62,Delivered,1931,5,63.48095238,0.138073537,Flag,,
SH11858,Warehouse_ATL,Minneapolis,UPS,5/22/2023,5/30/2023,12.4,345.97,Delivered,2449,8,27.90080645,0.141269906,Flag,,
SH11859,Warehouse_HOU,Atlanta,USPS,2/7/2023,2/11/2023,15.6,116.02,Delivered,800,4,7.437179487,0.145025,OK,,
SH11860,Warehouse_SF,Dallas,USPS,7/23/2023,7/26/2023,43.4,196.44,Delivered,1323,3,4.526267281,0.148480726,OK,,
SH11861,Warehouse_SEA,Detroit,OnTrac,5/31/2023,6/5/2023,46.6,122.94,Delivered,510,5,2.638197425,0.241058824,OK,,
SH11862,Warehouse_NYC,San Francisco,USPS,11/24/2023,11/27/2023,9.5,76.52,Delivered,465,3,8.054736842,0.16455914,OK,,
SH11863,Warehouse_LA,Chicago,OnTrac,1/14/2023,1/18/2023,16.1,105.58,Delivered,664,4,6.557763975,0.159006024,OK,,
SH11864,Warehouse_SF,New York,FedEx,7/11/2023,7/17/2023,88.9,424.24,Delivered,2356,6,4.772103487,0.180067912,OK,,
SH11865,Warehouse_MIA,New York,USPS,6/4/2023,6/7/2023,24.8,140.88,Lost,944,3,5.680645161,0.149237288,OK,,
SH11866,Warehouse_LA,Denver,Amazon Logistics,10/28/2023,11/5/2023,18.1,242.86,Delivered,1746,8,13.41767956,0.139095074,OK,,
SH11867,Warehouse_HOU,Portland,LaserShip,3/7/2023,3/11/2023,29.7,271.76,Delivered,2067,4,9.15016835,0.131475568,OK,,
SH11868,Warehouse_BOS,Boston,FedEx,5/1/2023,5/5/2023,5404.2,226.51,Delivered,1053,4,0.041913697,0.215109212,OK,,
SH11869,Warehouse_CHI,Los Angeles,OnTrac,10/3/2023,10/5/2023,32.2,96.92,Delivered,447,2,3.009937888,0.216823266,OK,,
SH11870,Warehouse_DEN,Houston,OnTrac,1/6/2023,1/10/2023,119.7,390.46,Delivered,1834,4,3.261988304,0.212900763,OK,,
SH11871,Warehouse_BOS,Chicago,OnTrac,8/21/2023,8/24/2023,28.4,117.74,In Transit,677,3,4.145774648,0.173914328,OK,,
SH11872,Warehouse_LA,New York,LaserShip,11/5/2023,11/11/2023,17.3,309.39,Delivered,1780,6,17.88381503,0.173814607,OK,,
SH11873,Warehouse_CHI,Detroit,UPS,12/1/2023,12/3/2023,13.8,63.06,Delivered,283,2,4.569565217,0.222826855,OK,,
SH11874,Warehouse_ATL,Houston,OnTrac,7/19/2023,7/24/2023,79.3,348.67,Delivered,2393,5,4.396847415,0.145704137,OK,,
SH11875,Warehouse_CHI,Denver,UPS,10/25/2023,10/30/2023,5.9,145.47,Delivered,1000,5,24.6559322,0.14547,Flag,,
SH11876,Warehouse_NYC,Dallas,DHL,4/17/2023,4/18/2023,26.2,86.35,Delivered,351,1,3.295801527,0.246011396,OK,,
SH11877,Warehouse_LA,Seattle,UPS,1/3/2023,1/8/2023,16.8,174.76,Delivered,1135,5,10.40238095,0.153973568,OK,,
SH11878,Warehouse_BOS,Seattle,USPS,3/4/2023,3/8/2023,24.1,213.6,Delivered,1794,4,8.863070539,0.119063545,OK,,
SH11879,Warehouse_NYC,Seattle,DHL,8/17/2023,8/21/2023,10.2,286.07,Delivered,1919,4,28.04607843,0.149072434,Flag,,
SH11880,Warehouse_NYC,Minneapolis,OnTrac,8/3/2023,8/6/2023,25.6,114.68,Delivered,801,3,4.4796875,0.143171036,OK,,
SH11881,Warehouse_MIA,Miami,FedEx,11/12/2023,11/14/2023,6.1,39.84,Delivered,218,2,6.531147541,0.182752294,OK,,
SH11882,Warehouse_LA,Phoenix,UPS,7/31/2023,8/4/2023,29.9,84.58,Delivered,373,4,2.828762542,0.226756032,OK,,
SH11883,Warehouse_ATL,Boston,OnTrac,11/25/2023,11/29/2023,7.2,212.11,Delivered,1306,4,29.45972222,0.162411945,Flag,,
SH11884,Warehouse_CHI,Minneapolis,Amazon Logistics,7/24/2023,7/31/2023,40.7,292.44,Delivered,2247,7,7.185257985,0.130146862,OK,,
SH11885,Warehouse_CHI,Los Angeles,Amazon Logistics,9/10/2023,9/14/2023,34.7,252.26,Delivered,1603,4,7.269740634,0.157367436,OK,,
SH11886,Warehouse_SF,Detroit,LaserShip,11/12/2023,11/15/2023,24.8,206.07,Delivered,1099,3,8.309274194,0.187506824,OK,,
SH11887,Warehouse_HOU,Miami,OnTrac,11/27/2023,12/2/2023,28.1,195.61,Returned,1012,5,6.961209964,0.193290514,OK,,
SH11888,Warehouse_NYC,San Francisco,Amazon Logistics,9/1/2023,9/3/2023,10.7,,Delivered,392,2,0,0,OK,,
SH11889,Warehouse_MIA,Detroit,DHL,5/25/2023,6/1/2023,32.8,303.32,Delivered,2012,7,9.247560976,0.150755467,OK,,
SH11890,Warehouse_SF,Seattle,DHL,5/21/2023,5/28/2023,29.5,326.18,Delivered,2273,7,11.05694915,0.14350198,OK,,
SH11891,Warehouse_LA,New York,OnTrac,12/21/2023,12/26/2023,66.3,337.55,In Transit,1743,5,5.091251885,0.193660356,OK,,
SH11892,Warehouse_SEA,Atlanta,UPS,6/24/2023,6/28/2023,21.7,291.81,Delivered,1919,4,13.44746544,0.152063575,OK,,
SH11893,Warehouse_ATL,Chicago,DHL,6/13/2023,6/17/2023,37,279.2,Delivered,1506,4,7.545945946,0.185391766,OK,,
SH11894,Warehouse_HOU,Miami,DHL,10/14/2023,10/20/2023,21.6,334.73,Delivered,2053,6,15.49675926,0.163044325,OK,,
SH11895,Warehouse_CHI,Denver,UPS,8/28/2023,8/31/2023,40.7,175.45,Delivered,1000,3,4.310810811,0.17545,OK,,
SH11896,Warehouse_NYC,Minneapolis,FedEx,8/30/2023,9/7/2023,84.8,383.33,Delivered,2141,8,4.520400943,0.179042504,OK,,
SH11897,Warehouse_HOU,Seattle,Amazon Logistics,12/24/2023,12/29/2023,13.7,328.21,Delivered,2225,5,23.95693431,0.147510112,Flag,,
SH11898,Warehouse_CHI,Miami,LaserShip,5/2/2023,5/5/2023,20.5,171.02,Delivered,1350,3,8.342439024,0.126681481,OK,,
SH11899,Warehouse_SEA,Los Angeles,USPS,11/16/2023,11/22/2023,9.2,,Delivered,2393,6,0,0,OK,,
SH11900,Warehouse_SEA,Atlanta,DHL,12/12/2023,12/22/2023,78.2,211.42,Delayed,620,2,2.703580563,0.341,OK,,
SH11901,Warehouse_ATL,Seattle,Amazon Logistics,5/13/2023,5/18/2023,17.2,247.67,Delivered,2018,5,14.3994186,0.122730426,OK,,
SH11902,Warehouse_DEN,Minneapolis,Amazon Logistics,7/8/2023,7/12/2023,14.7,243.7,Delivered,1949,4,16.57823129,0.125038481,OK,,
SH11903,Warehouse_HOU,Atlanta,FedEx,5/12/2023,5/15/2023,18.9,122.95,Delivered,800,3,6.505291005,0.1536875,OK,,
SH11904,Warehouse_HOU,Detroit,FedEx,3/8/2023,3/13/2023,8.1,290.02,Delivered,2307,5,35.80493827,0.125713047,Flag,,
SH11905,Warehouse_SEA,Detroit,LaserShip,1/12/2023,1/18/2023,44.3,311.3,Delivered,2041,6,7.027088036,0.152523273,OK,,
SH11906,Warehouse_CHI,New York,DHL,6/19/2023,6/22/2023,59.9,183.69,Delivered,628,3,3.066611018,0.2925,OK,,
SH11907,Warehouse_DEN,Portland,LaserShip,1/15/2023,1/22/2023,8.8,210.56,Lost,1852,7,23.92727273,0.113693305,Flag,,
SH11908,Warehouse_CHI,Los Angeles,FedEx,3/2/2023,3/4/2023,10.5,33.67,Delivered,162,2,3.206666667,0.207839506,OK,,
SH11909,Warehouse_CHI,Chicago,Amazon Logistics,5/17/2023,5/23/2023,16.6,256.68,Returned,1995,6,15.4626506,0.128661654,OK,,
SH11910,Warehouse_MIA,Minneapolis,DHL,9/15/2023,9/24/2023,23.5,213.18,Delivered,1469,9,9.071489362,0.145119129,OK,,
SH11911,Warehouse_CHI,Denver,FedEx,1/29/2023,2/2/2023,34.9,162.44,Delivered,1000,4,4.654441261,0.16244,OK,,
SH11912,Warehouse_LA,Portland,UPS,5/21/2023,5/28/2023,14.6,1597.99,Delivered,2187,7,109.4513699,0.730676726,Flag,,
SH11913,Warehouse_NYC,Miami,LaserShip,2/6/2023,2/10/2023,49,265.52,Delivered,1875,4,5.41877551,0.141610667,OK,,
SH11914,Warehouse_HOU,Houston,Amazon Logistics,10/6/2023,10/10/2023,82.4,279.42,Delivered,1705,4,3.391019417,0.163882698,OK,,
SH11915,Warehouse_SF,New York,USPS,8/9/2023,8/13/2023,23.5,79.71,Delivered,409,4,3.391914894,0.194889976,OK,,
SH11916,Warehouse_SEA,Seattle,USPS,6/15/2023,6/17/2023,17.2,84.6,Delivered,513,2,4.918604651,0.164912281,OK,,
SH11917,Warehouse_BOS,Denver,LaserShip,4/17/2023,4/24/2023,21.1,256.12,Delivered,1974,7,12.13838863,0.129746707,OK,,
SH11918,Warehouse_NYC,Boston,USPS,12/8/2023,12/11/2023,6.7,42.11,Delayed,215,1,6.285074627,0.195860465,OK,,
SH11919,Warehouse_DEN,Seattle,OnTrac,4/21/2023,4/23/2023,17.4,59.13,Delivered,284,2,3.398275862,0.208204225,OK,,
SH11920,Warehouse_LA,Portland,FedEx,11/1/2023,11/4/2023,31.2,228.61,Lost,1128,3,7.32724359,0.20266844,OK,,
SH11921,Warehouse_HOU,San Francisco,LaserShip,9/10/2023,9/11/2023,25.7,55.3,Delivered,231,1,2.151750973,0.239393939,OK,,
SH11922,Warehouse_MIA,Denver,OnTrac,1/29/2023,2/2/2023,35.6,107.89,Delivered,542,4,3.030617978,0.199059041,OK,,
SH11923,Warehouse_DEN,New York,OnTrac,6/15/2023,6/16/2023,29.4,116.46,Delivered,636,1,3.96122449,0.183113208,OK,,
SH11924,Warehouse_NYC,Portland,USPS,8/2/2023,8/7/2023,16.7,179.65,Delivered,1438,5,10.75748503,0.124930459,OK,,
SH11925,Warehouse_BOS,Phoenix,Amazon Logistics,6/23/2023,6/25/2023,7.2,97.04,Delivered,822,2,13.47777778,0.118053528,OK,,
SH11926,Warehouse_HOU,Phoenix,Amazon Logistics,10/11/2023,10/14/2023,11.7,94.37,Delivered,744,3,8.065811966,0.126841398,OK,,
SH11927,Warehouse_MIA,Portland,UPS,7/26/2023,7/31/2023,27.6,242.8,Delivered,1549,5,8.797101449,0.156746288,OK,,
SH11928,Warehouse_LA,Phoenix,LaserShip,1/31/2023,2/3/2023,20.5,75.98,Delivered,373,3,3.706341463,0.203699732,OK,,
SH11929,Warehouse_SF,Miami,LaserShip,4/22/2023,4/28/2023,41,321.15,Delivered,2478,6,7.832926829,0.129600484,OK,,
SH11930,Warehouse_MIA,Seattle,OnTrac,4/4/2023,4/5/2023,13.8,30.2,Delivered,142,1,2.188405797,0.212676056,OK,,
SH11931,Warehouse_LA,Seattle,USPS,9/11/2023,9/14/2023,34.2,156.85,Delivered,1135,3,4.58625731,0.138193833,OK,,
SH11932,Warehouse_BOS,Denver,DHL,12/11/2023,12/14/2023,10.4,,Delivered,1467,3,0,0,OK,,
SH11933,Warehouse_DEN,Miami,USPS,8/4/2023,8/10/2023,20.3,295.36,Delivered,2353,6,14.54975369,0.125524862,OK,,
SH11934,Warehouse_HOU,Detroit,LaserShip,3/3/2023,3/6/2023,9.9,161.25,Delivered,1163,3,16.28787879,0.138650043,OK,,
SH11935,Warehouse_CHI,Detroit,Amazon Logistics,6/26/2023,6/27/2023,9.5,43.35,Delivered,283,1,4.563157895,0.153180212,OK,,
SH11936,Warehouse_ATL,Dallas,Amazon Logistics,11/30/2023,12/3/2023,27,188.63,Delivered,1068,3,6.986296296,0.17661985,OK,,
SH11937,Warehouse_SEA,Boston,Amazon Logistics,12/16/2023,12/21/2023,12.9,305.45,Delivered,1875,5,23.67829457,0.162906667,Flag,,
SH11938,Warehouse_LA,Detroit,FedEx,11/21/2023,11/28/2023,61.7,455.69,Delivered,2430,7,7.385575365,0.187526749,OK,,
SH11939,Warehouse_SF,Portland,LaserShip,4/14/2023,4/16/2023,25.3,92.95,Delivered,505,2,3.673913043,0.184059406,OK,,
SH11940,Warehouse_LA,Seattle,OnTrac,7/5/2023,7/10/2023,26.4,161.78,Delivered,1135,5,6.128030303,0.142537445,OK,,
SH11941,Warehouse_ATL,Minneapolis,USPS,6/18/2023,6/22/2023,69,302.62,Lost,1868,4,4.385797101,0.162002141,OK,,
SH11942,Warehouse_ATL,Portland,USPS,10/24/2023,10/31/2023,17,283.07,Delivered,2191,7,16.65117647,0.129196714,OK,,
SH11943,Warehouse_SEA,Chicago,USPS,8/31/2023,9/2/2023,18,,Delivered,971,2,0,0,OK,,
SH11944,Warehouse_LA,New York,UPS,12/29/2023,1/4/2024,15.9,329.11,Delivered,1899,6,20.69874214,0.173307004,Flag,,
SH11945,Warehouse_SF,Chicago,LaserShip,2/26/2023,3/2/2023,9.1,210.06,Delivered,1754,4,23.08351648,0.119760547,Flag,,
SH11946,Warehouse_NYC,Houston,OnTrac,9/10/2023,9/13/2023,17.5,138.84,In Transit,956,3,7.933714286,0.145230126,OK,,
SH11947,Warehouse_DEN,Los Angeles,USPS,7/27/2023,8/2/2023,22.8,287.52,Delivered,2114,6,12.61052632,0.136007569,OK,,
SH11948,Warehouse_DEN,Portland,LaserShip,9/13/2023,9/16/2023,10.1,138.89,Delivered,1084,3,13.75148515,0.128127306,OK,,
SH11949,Warehouse_HOU,Houston,OnTrac,4/22/2023,4/26/2023,22.6,208.71,Delivered,1375,4,9.234955752,0.151789091,OK,,
SH11950,Warehouse_HOU,Denver,UPS,6/16/2023,6/19/2023,6.9,133.01,Delivered,1030,3,19.27681159,0.129135922,OK,,
SH11951,Warehouse_CHI,Los Angeles,DHL,12/19/2023,12/21/2023,10.1,42.45,Delivered,169,2,4.202970297,0.251183432,OK,,
SH11952,Warehouse_CHI,New York,USPS,2/28/2023,3/3/2023,39,112.83,Delivered,706,3,2.893076923,0.159815864,OK,,
SH11953,Warehouse_BOS,Los Angeles,OnTrac,2/18/2023,2/21/2023,30,143.34,Delivered,985,3,4.778,0.145522843,OK,,
SH11954,Warehouse_DEN,Denver,FedEx,6/9/2023,6/12/2023,24,103.6,Delayed,506,2,4.316666667,0.204743083,OK,,
SH11955,Warehouse_BOS,Atlanta,UPS,3/7/2023,3/11/2023,47.5,127.02,Delivered,545,4,2.674105263,0.23306422,OK,,
SH11956,Warehouse_DEN,Dallas,FedEx,1/25/2023,1/28/2023,26.5,181.68,Delivered,1116,3,6.855849057,0.162795699,OK,,
SH11957,Warehouse_MIA,Chicago,DHL,2/25/2023,2/28/2023,9.8,157.8,Delivered,992,3,16.10204082,0.159072581,OK,,
SH11958,Warehouse_DEN,Boston,USPS,8/8/2023,8/14/2023,23.4,226.29,In Transit,1921,6,9.670512821,0.117798022,OK,,
SH11959,Warehouse_SEA,New York,USPS,1/25/2023,1/26/2023,6.1,38.31,Delivered,247,1,6.280327869,0.155101215,OK,,
SH11960,Warehouse_MIA,Boston,FedEx,10/20/2023,10/25/2023,12.9,245.79,Delivered,1734,5,19.05348837,0.141747405,OK,,
SH11961,Warehouse_SEA,Chicago,UPS,10/1/2023,10/5/2023,25.7,208.58,Delivered,1515,4,8.115953307,0.137676568,OK,,
SH11962,Warehouse_LA,Phoenix,UPS,4/28/2023,5/7/2023,10.9,66.58,Delayed,373,4,6.108256881,0.17849866,OK,,
SH11963,Warehouse_MIA,San Francisco,LaserShip,11/21/2023,11/27/2023,31.5,320.88,Delivered,1900,6,10.18666667,0.168884211,OK,,
SH11964,Warehouse_HOU,Los Angeles,UPS,9/7/2023,9/15/2023,36.7,314.18,Delivered,2317,8,8.560762943,0.135597756,OK,,
SH11965,Warehouse_CHI,Houston,USPS,1/3/2023,1/10/2023,19.2,300.32,Delivered,2300,7,15.64166667,0.130573913,OK,,
SH11966,Warehouse_HOU,Dallas,UPS,2/5/2023,2/11/2023,53.9,377.64,Delivered,2226,6,7.006307978,0.169649596,OK,,
SH11967,Warehouse_SEA,Denver,LaserShip,3/16/2023,3/21/2023,39.4,149.04,Delivered,826,5,3.782741117,0.180435835,OK,,
SH11968,Warehouse_NYC,Seattle,LaserShip,1/27/2023,2/3/2023,73.2,294.41,Delivered,1577,7,4.021994536,0.186689918,OK,,
SH11969,Warehouse_LA,Dallas,Amazon Logistics,10/7/2023,10/10/2023,8.3,174.8,Delivered,1435,3,21.06024096,0.121811847,Flag,,
SH11970,Warehouse_SF,Dallas,OnTrac,11/10/2023,11/13/2023,20.4,149.89,Delivered,943,3,7.34754902,0.158950159,OK,,
SH11971,Warehouse_HOU,Chicago,LaserShip,3/10/2023,3/14/2023,9.5,217.11,Delivered,1843,4,22.85368421,0.117802496,Flag,,
SH11972,Warehouse_ATL,Houston,USPS,6/29/2023,6/30/2023,9.5,31.25,Delivered,209,1,3.289473684,0.149521531,OK,,
SH11973,Warehouse_NYC,Houston,FedEx,5/23/2023,5/27/2023,16.1,252.26,Delivered,1711,4,15.66832298,0.147434249,OK,,
SH11974,Warehouse_LA,Houston,DHL,8/9/2023,8/13/2023,14.4,125.69,Delivered,693,4,8.728472222,0.181370851,OK,,
SH11975,Warehouse_ATL,Houston,LaserShip,12/16/2023,12/18/2023,18.7,166.44,Delivered,998,2,8.900534759,0.166773547,OK,,
SH11976,Warehouse_LA,Dallas,Amazon Logistics,9/7/2023,9/11/2023,27.8,198.3,Delivered,1435,4,7.133093525,0.138188153,OK,,
SH11977,Warehouse_CHI,Houston,UPS,5/10/2023,5/23/2023,29.6,300.77,Delayed,2345,6,10.16114865,0.128260128,OK,,
SH11978,Warehouse_CHI,Atlanta,USPS,4/24/2023,4/29/2023,31.3,291.05,Delivered,2030,5,9.298722045,0.143374384,OK,,
SH11979,Warehouse_SF,Portland,FedEx,5/5/2023,5/10/2023,54.6,307.9,Delivered,1675,5,5.639194139,0.183820896,OK,,
SH11980,Warehouse_SF,Detroit,DHL,3/3/2023,3/9/2023,21.5,264.67,Delivered,1813,6,12.31023256,0.145984556,OK,,
SH11981,Warehouse_SF,New York,UPS,2/19/2023,2/21/2023,20.1,100.6,Delivered,596,2,5.004975124,0.168791946,OK,,
SH11982,Warehouse_DEN,Minneapolis,OnTrac,3/11/2023,3/19/2023,33.9,172.51,Delivered,1174,8,5.08879056,0.146942078,OK,,
SH11983,Warehouse_SEA,Atlanta,Amazon Logistics,5/16/2023,5/17/2023,36.5,58.02,Delivered,145,1,1.589589041,0.400137931,OK,,
SH11984,Warehouse_LA,Denver,UPS,10/29/2023,10/30/2023,33,58.45,Delivered,111,1,1.771212121,0.526576577,OK,,
SH11985,Warehouse_NYC,New York,DHL,9/28/2023,10/3/2023,40,308.59,Delivered,2018,5,7.71475,0.152918731,OK,,
SH11986,Warehouse_MIA,Detroit,OnTrac,10/12/2023,10/17/2023,4.8,31.95,Delayed,236,3,6.65625,0.135381356,OK,,
SH11987,Warehouse_HOU,Miami,LaserShip,8/1/2023,8/4/2023,6.5,115.78,Delivered,948,3,17.81230769,0.122130802,OK,,
SH11988,Warehouse_LA,Atlanta,Amazon Logistics,1/18/2023,1/26/2023,78.2,392,Delivered,2309,8,5.012787724,0.169770463,OK,,
SH11989,Warehouse_CHI,Miami,FedEx,12/7/2023,12/12/2023,29.1,240.47,Delivered,1350,5,8.263573883,0.178125926,OK,,
SH11990,Warehouse_HOU,Chicago,OnTrac,2/13/2023,2/18/2023,38.8,248.5,Delivered,1877,5,6.404639175,0.132392115,OK,,
SH11991,Warehouse_SEA,Seattle,DHL,6/27/2023,7/3/2023,17.7,368.38,Delivered,2300,6,20.81242938,0.160165217,Flag,,
SH11992,Warehouse_ATL,Portland,OnTrac,10/4/2023,10/5/2023,43.2,73.03,Delivered,177,1,1.690509259,0.41259887,OK,,
SH11993,Warehouse_CHI,Boston,DHL,6/9/2023,6/15/2023,10.3,355.32,Delivered,2350,6,34.49708738,0.1512,Flag,,
SH11994,Warehouse_SF,Seattle,Amazon Logistics,11/10/2023,11/12/2023,59.7,130,Delivered,237,2,2.177554439,0.548523207,OK,,
SH11995,Warehouse_BOS,San Francisco,FedEx,1/18/2023,1/23/2023,7.9,217.78,Delivered,1616,5,27.56708861,0.134764851,Flag,,
SH11996,Warehouse_HOU,Phoenix,UPS,10/27/2023,11/1/2023,36.5,279.47,Delivered,1708,5,7.656712329,0.163624122,OK,,
SH11997,Warehouse_HOU,Portland,LaserShip,2/13/2023,2/19/2023,11.4,250.32,Delivered,1912,6,21.95789474,0.130920502,Flag,,
SH11998,Warehouse_SEA,Detroit,USPS,10/17/2023,10/22/2023,10.9,272.31,Delivered,2188,5,24.98256881,0.124456124,Flag,,
SH11999,Warehouse_MIA,Portland,OnTrac,7/8/2023,,49.5,360.74,Delivered,2321,7,7.287676768,0.155424386,OK,,
,,,,,,,,,,,,,,,
,,,,,,,,,,,,,,,
,,,,,,,,,,,,,,,
,,,,,,,,,,,,,,,
,,,,,,,,,,,,,,,
,,,,,,,,,,,,,,,
,,,,,,,,,,,,,,,
,,,,,,,,,,,,,,,
,,13.72317621,,,,,,,,,,,,,
